application_id,borrower_id,application_time,applicant_age,annual_income,prior_defaults_365d,debt_to_income,credit_band,bureau_utilization,servicing_contact_flag,status_recorded_at,default_90d
A000578,B00287,2020-01-06,48,84687.62,0,0.2216,B,0.755,contacted,2020-04-06,0
A000375,B00185,2020-01-08,57,22901.84,0,0.1209,A,0.387,not_contacted,2020-04-08,0
A000301,B00152,2020-01-09,66,59035.33,0,0.4349,C,0.431,contacted,2020-04-09,0
A000235,B00120,2020-01-10,22,85993.63,0,0.5027,C,0.41,not_contacted,2020-04-10,0
A000028,B00014,2020-01-11,23,51722.58,0,0.5299,C,0.251,contacted,2020-04-11,0
A000697,B00350,2020-01-11,38,41585.91,0,0.2266,B,0.699,contacted,2020-04-11,0
A000029,B00014,2020-01-12,23,51722.58,0,0.1724,B,0.26,contacted,2020-04-12,1
A000134,B00068,2020-01-15,44,31444.34,0,0.463,C,0.389,contacted,2020-04-15,0
A000315,B00157,2020-01-15,66,30604.88,0,0.1137,A,0.227,contacted,2020-04-15,0
A000023,B00011,2020-01-16,69,27431.77,0,0.6236,D,,not_contacted,2020-04-16,0
A000025,B00012,2020-01-20,68,49027.23,0,0.1732,C,1.0,not_contacted,2020-04-20,0
A000424,B00211,2020-01-20,52,31143.5,0,0.7082,D,0.567,not_contacted,2020-04-20,1
A000231,B00118,2020-01-22,42,54957.2,0,0.2349,C,0.346,not_contacted,2020-04-22,0
A000456,B00229,2020-01-22,37,29157.43,0,0.2324,C,0.346,contacted,2020-04-22,0
A000472,B00237,2020-01-26,73,56169.0,0,0.1468,A,,not_contacted,2020-04-26,0
A000369,B00182,2020-01-27,26,80689.74,0,0.224,A,0.307,not_contacted,2020-04-27,0
A000048,B00025,2020-01-31,21,46749.11,0,0.6105,D,0.646,contacted,2020-05-01,1
A000254,B00128,2020-01-31,46,59028.61,0,0.1345,C,0.377,not_contacted,2020-05-01,0
A000281,B00142,2020-01-31,27,67257.45,0,0.1525,B,,contacted,2020-05-01,0
A000060,B00031,2020-02-01,28,47375.4,0,0.6292,D,0.567,not_contacted,2020-05-02,0
A000698,B00350,2020-02-03,38,41585.91,0,0.6299,C,0.875,not_contacted,2020-05-04,0
A000142,B00072,2020-02-04,60,64557.68,0,0.3181,D,0.837,contacted,2020-05-05,0
A000464,B00232,2020-02-04,47,50724.59,0,0.3199,C,0.299,contacted,2020-05-05,0
A000061,B00031,2020-02-05,28,47375.4,0,0.367,C,0.596,not_contacted,2020-05-06,0
A000243,B00124,2020-02-08,39,58965.1,0,0.6539,D,0.546,not_contacted,2020-05-09,0
A000246,B00125,2020-02-09,77,67669.29,0,0.3526,B,0.48,contacted,2020-05-10,0
A000595,B00295,2020-02-09,58,37460.66,0,0.4779,B,0.751,contacted,2020-05-10,0
A000257,B00130,2020-02-11,24,49861.05,0,0.2177,B,0.539,contacted,2020-05-12,0
A000269,B00136,2020-02-12,69,30419.35,0,0.4811,B,0.443,contacted,2020-05-13,1
A000289,B00146,2020-02-12,63,132496.99,0,0.262,B,0.559,contacted,2020-05-13,0
A000692,B00347,2020-02-12,29,32117.47,0,0.0825,B,0.484,not_contacted,2020-05-13,0
A000715,B00358,2020-02-12,26,60859.23,0,0.7221,D,0.42,contacted,2020-05-13,0
A000309,B00155,2020-02-13,23,92719.63,0,0.3996,B,0.319,not_contacted,2020-05-14,0
A000746,B00374,2020-02-13,40,92227.1,0,0.7661,C,0.2,contacted,2020-05-14,0
A000030,B00015,2020-02-16,41,9372.28,0,0.5268,C,0.0,contacted,2020-05-17,1
A000263,B00133,2020-02-16,78,42217.71,0,0.554,C,0.252,not_contacted,2020-05-17,0
A000683,B00342,2020-02-16,31,42838.8,0,0.1994,B,0.681,not_contacted,2020-05-17,0
A000336,B00167,2020-02-17,23,29467.72,0,0.5463,D,0.651,not_contacted,2020-05-18,0
A000111,B00058,2020-02-20,22,22459.38,0,0.3772,C,,not_contacted,2020-05-21,1
A000152,B00077,2020-02-21,49,50096.67,0,0.1071,A,0.661,not_contacted,2020-05-22,0
A000337,B00167,2020-02-22,23,29467.72,0,0.5762,B,0.249,not_contacted,2020-05-23,0
A000519,B00261,2020-02-22,74,30048.21,0,0.3648,B,0.643,not_contacted,2020-05-23,0
A000002,B00001,2020-02-23,64,49344.59,0,0.3729,C,0.571,not_contacted,2020-05-24,0
A000693,B00347,2020-02-23,29,32117.47,0,0.2754,B,0.329,not_contacted,2020-05-24,1
A000726,B00364,2020-02-23,61,36220.38,0,0.3358,C,0.309,contacted,2020-05-24,0
A000024,B00011,2020-02-24,69,27431.77,0,0.4116,C,0.558,not_contacted,2020-05-25,0
A000707,B00355,2020-02-24,64,57174.47,0,0.4896,C,0.65,contacted,2020-05-25,0
A000044,B00023,2020-02-28,56,46078.7,0,0.052,A,0.29,contacted,2020-05-29,0
A000704,B00354,2020-02-28,68,55570.75,0,0.3456,B,0.92,not_contacted,2020-05-29,0
A000599,B00297,2020-03-01,59,49580.86,0,0.2709,B,0.285,not_contacted,2020-05-31,0
A000072,B00037,2020-03-03,60,125303.05,0,0.1803,B,0.512,contacted,2020-06-02,0
A000417,B00206,2020-03-03,34,43029.62,0,0.2668,C,0.684,contacted,2020-06-02,1
A000094,B00051,2020-03-05,39,55616.82,0,0.5074,C,0.571,not_contacted,2020-06-04,0
A000172,B00086,2020-03-05,56,34876.89,0,0.1713,B,0.521,not_contacted,2020-06-04,0
A000049,B00026,2020-03-07,30,26008.5,0,0.4283,C,0.132,contacted,2020-06-06,0
A000602,B00298,2020-03-08,43,104603.39,0,0.2824,C,0.54,contacted,2020-06-07,0
A000352,B00175,2020-03-09,51,24853.75,0,0.1624,B,0.359,not_contacted,2020-06-08,0
A000689,B00345,2020-03-09,76,49765.57,0,0.3035,B,0.239,not_contacted,2020-06-08,0
A000302,B00152,2020-03-10,66,59035.33,0,0.6796,D,0.542,contacted,2020-06-09,0
A000475,B00239,2020-03-10,74,53733.79,0,0.1079,B,0.195,contacted,2020-06-09,0
A000086,B00046,2020-03-12,28,54826.36,0,0.2713,C,,contacted,2020-06-11,0
A000402,B00199,2020-03-14,28,71130.08,0,0.4353,C,0.436,not_contacted,2020-06-13,0
A000669,B00336,2020-03-15,64,32567.48,0,0.3359,C,,contacted,2020-06-14,0
A000687,B00344,2020-03-15,50,56846.46,0,0.2661,B,0.49,not_contacted,2020-06-14,0
A000140,B00070,2020-03-16,22,85450.35,0,0.2037,B,0.498,not_contacted,2020-06-15,0
A000365,B00180,2020-03-16,49,40298.37,0,0.602,D,0.63,not_contacted,2020-06-15,0
A000476,B00239,2020-03-18,74,53733.79,0,0.1007,A,0.507,not_contacted,2020-06-17,0
A000015,B00007,2020-03-19,68,27349.58,0,0.3197,C,0.305,not_contacted,2020-06-18,0
A000101,B00054,2020-03-19,63,66682.74,0,0.0908,A,0.738,contacted,2020-06-18,0
A000667,B00335,2020-03-20,50,80139.81,0,0.1954,B,0.383,not_contacted,2020-06-19,0
A000218,B00109,2020-03-23,38,68722.88,0,0.4002,B,0.307,not_contacted,2020-06-22,0
A000370,B00182,2020-03-23,26,80689.74,0,0.6675,C,0.471,contacted,2020-06-22,0
A000505,B00254,2020-03-23,67,72135.21,0,0.4755,C,0.757,contacted,2020-06-22,0
A000605,B00299,2020-03-24,72,43892.62,0,0.4811,C,0.563,contacted,2020-06-23,1
A000419,B00207,2020-04-01,76,28422.78,0,0.2993,C,0.785,not_contacted,2020-07-01,0
A000478,B00240,2020-04-01,56,60994.86,0,0.05,B,0.225,not_contacted,2020-07-01,0
A000181,B00091,2020-04-02,44,102050.11,0,0.2493,C,,not_contacted,2020-07-02,0
A000347,B00172,2020-04-02,51,95803.12,0,0.7983,D,0.592,contacted,2020-07-02,0
A000559,B00277,2020-04-04,69,145947.28,0,0.468,B,0.4,not_contacted,2020-07-04,0
A000748,B00375,2020-04-04,70,34732.0,0,0.4562,C,0.723,contacted,2020-07-04,0
A000157,B00079,2020-04-07,29,52607.68,0,0.435,C,,not_contacted,2020-07-07,0
A000628,B00314,2020-04-07,57,59288.26,0,0.4696,B,0.254,not_contacted,2020-07-07,0
A000754,B00378,2020-04-11,21,43192.27,0,0.2381,C,0.595,not_contacted,2020-07-11,0
A000626,B00313,2020-04-12,56,68744.34,0,0.5803,C,0.549,not_contacted,2020-07-12,0
A000666,B00334,2020-04-13,21,71898.5,0,0.5706,C,0.475,contacted,2020-07-13,0
A000109,B00057,2020-04-14,73,97087.79,0,0.3983,C,0.552,not_contacted,2020-07-14,0
A000137,B00069,2020-04-15,45,28321.21,0,0.3515,C,0.665,not_contacted,2020-07-15,0
A000457,B00229,2020-04-15,37,29157.43,0,0.1004,C,0.199,contacted,2020-07-15,1
A000656,B00329,2020-04-17,66,45617.34,0,0.3126,C,,contacted,2020-07-17,0
A000123,B00063,2020-04-19,51,80213.19,0,0.2455,C,0.968,contacted,2020-07-19,0
A000306,B00154,2020-04-19,52,32706.38,0,0.3468,B,0.397,not_contacted,2020-07-19,0
A000684,B00342,2020-04-19,31,42838.8,0,0.7251,C,0.837,not_contacted,2020-07-19,0
A000758,B00380,2020-04-19,49,46232.17,0,0.5832,C,0.463,not_contacted,2020-07-19,1
A000514,B00258,2020-04-21,62,56755.43,0,0.6287,C,0.623,not_contacted,2020-07-21,1
A000441,B00222,2020-04-23,59,59693.56,0,0.2262,B,0.833,not_contacted,2020-07-23,0
A000095,B00052,2020-04-24,46,126798.72,0,0.2731,C,0.189,not_contacted,2020-07-24,0
A000491,B00247,2020-04-25,67,77782.24,0,0.3798,B,0.531,not_contacted,2020-07-25,0
A000708,B00355,2020-04-29,64,57174.47,0,0.4856,B,0.375,not_contacted,2020-07-29,0
A000727,B00364,2020-04-29,61,36220.38,0,0.4854,C,0.75,contacted,2020-07-29,0
A000258,B00130,2020-05-02,24,49861.05,0,0.5191,B,0.081,contacted,2020-08-01,1
A000366,B00180,2020-05-02,49,40298.37,0,0.3454,C,0.388,not_contacted,2020-08-01,0
A000527,B00264,2020-05-02,28,45146.09,0,0.4331,C,0.182,contacted,2020-08-01,0
A000769,B00385,2020-05-02,22,38719.52,0,0.359,D,0.369,contacted,2020-08-01,0
A000436,B00220,2020-05-05,40,23018.33,0,0.1661,B,0.39,not_contacted,2020-08-04,0
A000580,B00288,2020-05-05,52,44022.52,0,0.4901,B,,not_contacted,2020-08-04,0
A000158,B00079,2020-05-06,29,52607.68,0,0.1747,C,0.476,not_contacted,2020-08-05,0
A000220,B00110,2020-05-07,22,66666.32,0,0.4197,D,0.0,contacted,2020-08-06,0
A000397,B00195,2020-05-09,47,92184.52,0,0.3178,B,0.399,contacted,2020-08-08,1
A000562,B00278,2020-05-10,33,33333.06,0,0.4795,C,0.506,not_contacted,2020-08-09,0
A000362,B00179,2020-05-12,20,77783.59,0,0.3505,C,,contacted,2020-08-11,0
A000169,B00085,2020-05-13,71,27608.59,0,0.2694,B,0.418,not_contacted,2020-08-12,0
A000117,B00061,2020-05-15,21,28859.16,0,0.5215,C,0.551,not_contacted,2020-08-14,0
A000170,B00085,2020-05-16,71,27608.59,0,0.2148,B,0.547,contacted,2020-08-15,0
A000642,B00321,2020-05-17,28,35106.4,0,0.5361,D,0.459,not_contacted,2020-08-16,0
A000091,B00050,2020-05-18,49,25533.98,0,0.2554,C,0.648,not_contacted,2020-08-17,0
A000155,B00078,2020-05-18,45,28937.77,0,0.4187,B,0.556,contacted,2020-08-17,0
A000677,B00339,2020-05-18,77,38714.29,0,0.3696,B,0.298,contacted,2020-08-17,0
A000678,B00340,2020-05-18,47,43257.56,0,0.4069,C,0.505,contacted,2020-08-17,0
A000092,B00050,2020-05-20,49,25533.98,0,0.2569,B,0.024,contacted,2020-08-19,0
A000307,B00154,2020-05-21,52,32706.38,0,0.2596,B,0.739,contacted,2020-08-20,0
A000565,B00279,2020-05-21,64,45031.4,0,0.3917,B,0.495,not_contacted,2020-08-20,0
A000179,B00090,2020-05-22,34,66116.85,0,0.4359,C,0.639,contacted,2020-08-21,0
A000643,B00321,2020-05-22,28,35106.4,0,0.1455,B,0.756,contacted,2020-08-21,0
A000209,B00105,2020-05-23,43,42463.74,0,0.2843,B,,not_contacted,2020-08-22,0
A000052,B00027,2020-05-24,46,77204.38,0,0.5303,C,0.578,contacted,2020-08-23,0
A000189,B00095,2020-05-25,66,38791.0,0,0.2839,C,0.246,not_contacted,2020-08-24,0
A000492,B00247,2020-05-25,67,77782.24,0,0.3183,C,0.315,contacted,2020-08-24,0
A000120,B00062,2020-05-29,64,46116.49,0,0.4325,C,0.357,not_contacted,2020-08-28,0
A000326,B00162,2020-05-29,77,48443.81,0,0.2834,B,0.903,not_contacted,2020-08-28,0
A000270,B00137,2020-06-03,36,39268.26,0,0.196,B,0.343,contacted,2020-09-02,0
A000104,B00055,2020-06-04,44,46168.56,0,0.275,C,0.472,contacted,2020-09-03,0
A000407,B00202,2020-06-04,60,42822.14,0,0.6042,C,0.905,not_contacted,2020-09-03,0
A000497,B00249,2020-06-05,66,54553.6,0,0.7561,D,0.162,not_contacted,2020-09-04,0
A000539,B00269,2020-06-05,48,99294.88,0,0.2922,C,0.811,not_contacted,2020-09-04,0
A000138,B00069,2020-06-06,45,28321.21,0,0.2935,B,0.471,not_contacted,2020-09-05,0
A000512,B00257,2020-06-07,35,52157.89,0,0.0723,B,0.509,not_contacted,2020-09-06,0
A000430,B00216,2020-06-08,52,43397.58,0,0.3035,B,0.453,not_contacted,2020-09-07,0
A000321,B00160,2020-06-09,45,54807.22,0,0.3147,B,0.719,contacted,2020-09-08,0
A000716,B00358,2020-06-09,26,60859.23,0,0.4032,C,0.587,not_contacted,2020-09-08,0
A000162,B00081,2020-06-13,71,42475.36,0,0.4063,C,0.315,not_contacted,2020-09-12,0
A000223,B00112,2020-06-13,71,56270.8,0,0.1224,B,0.555,contacted,2020-09-12,0
A000515,B00259,2020-06-13,63,71798.45,0,0.1835,B,,contacted,2020-09-12,0
A000064,B00034,2020-06-16,49,74599.65,0,0.3136,C,0.586,not_contacted,2020-09-15,0
A000672,B00337,2020-06-16,47,77518.93,0,0.1955,A,0.355,contacted,2020-09-15,0
A000106,B00056,2020-06-18,71,29653.22,0,0.2521,B,0.206,contacted,2020-09-17,0
A000550,B00273,2020-06-20,69,14698.16,0,0.5371,B,0.646,contacted,2020-09-19,0
A000465,B00232,2020-06-21,47,50724.59,0,0.0696,A,0.579,not_contacted,2020-09-20,0
A000717,B00358,2020-06-22,26,60859.23,0,0.3403,C,,contacted,2020-09-21,0
A000448,B00225,2020-06-25,55,38328.33,0,0.2834,B,0.782,not_contacted,2020-09-24,0
A000330,B00165,2020-06-26,48,59262.58,0,0.5992,C,0.545,contacted,2020-09-25,0
A000547,B00272,2020-06-26,56,48419.09,0,0.0972,B,0.069,contacted,2020-09-25,0
A000516,B00259,2020-06-28,63,71798.45,0,0.5884,D,,not_contacted,2020-09-27,0
A000296,B00149,2020-06-29,50,77026.07,0,0.2189,B,0.82,not_contacted,2020-09-28,0
A000647,B00324,2020-07-02,40,41976.86,0,0.31,C,0.375,contacted,2020-10-01,1
A000762,B00382,2020-07-02,23,47625.4,0,0.7035,D,0.01,contacted,2020-10-01,0
A000144,B00073,2020-07-03,20,132498.69,0,0.2838,C,0.817,contacted,2020-10-02,0
A000008,B00004,2020-07-05,38,37505.75,0,0.5059,C,0.164,not_contacted,2020-10-04,0
A000425,B00211,2020-07-05,52,31143.5,1,0.7971,D,0.661,not_contacted,2020-10-04,0
A000005,B00002,2020-07-06,75,25605.18,0,0.1802,C,0.686,not_contacted,2020-10-05,0
A000372,B00183,2020-07-06,63,39197.05,0,0.5026,C,0.635,not_contacted,2020-10-05,0
A000486,B00244,2020-07-06,55,16998.78,0,0.3891,C,0.518,not_contacted,2020-10-05,0
A000777,B00389,2020-07-06,77,58002.1,0,0.5366,C,0.337,not_contacted,2020-10-05,0
A000255,B00128,2020-07-07,46,59028.61,0,0.1994,B,0.436,not_contacted,2020-10-06,0
A000572,B00284,2020-07-08,32,133437.66,0,0.3539,B,0.629,not_contacted,2020-10-07,0
A000480,B00241,2020-07-09,29,20317.14,0,0.4124,C,0.651,contacted,2020-10-08,0
A000652,B00327,2020-07-09,64,26620.61,0,0.3778,C,,contacted,2020-10-08,0
A000159,B00080,2020-07-10,75,65835.56,0,0.6955,C,0.362,not_contacted,2020-10-09,0
A000073,B00037,2020-07-11,60,125303.05,0,0.6729,D,0.368,not_contacted,2020-10-10,0
A000585,B00291,2020-07-15,53,54271.71,0,0.5303,D,0.556,not_contacted,2020-10-14,0
A000735,B00369,2020-07-16,74,23027.1,0,0.2309,C,0.67,not_contacted,2020-10-15,0
A000556,B00276,2020-07-19,45,34689.36,0,0.5172,C,0.593,not_contacted,2020-10-18,0
A000234,B00119,2020-07-20,41,47547.08,0,0.2094,B,0.188,not_contacted,2020-10-19,0
A000414,B00205,2020-07-20,26,58185.49,0,0.4958,C,,not_contacted,2020-10-19,0
A000772,B00387,2020-07-20,29,76315.26,0,0.3166,B,,not_contacted,2020-10-19,0
A000444,B00223,2020-07-22,64,36261.36,0,0.2988,B,0.232,not_contacted,2020-10-21,0
A000736,B00369,2020-07-22,74,23027.1,0,0.4969,B,0.633,contacted,2020-10-21,0
A000566,B00280,2020-07-23,33,120181.6,0,0.4821,B,0.806,contacted,2020-10-22,0
A000668,B00335,2020-07-23,50,80139.81,0,0.05,B,0.516,not_contacted,2020-10-22,0
A000600,B00297,2020-07-24,59,49580.86,0,0.8893,D,0.446,not_contacted,2020-10-23,0
A000203,B00102,2020-07-26,24,60984.73,0,0.1949,B,0.646,not_contacted,2020-10-25,0
A000340,B00169,2020-07-26,44,51054.38,0,0.0511,A,0.145,not_contacted,2020-10-25,0
A000426,B00212,2020-07-28,64,92610.9,0,0.2757,C,0.706,contacted,2020-10-27,0
A000001,B00000,2020-08-02,37,81107.97,0,0.6743,C,0.891,contacted,2020-11-01,0
A000020,B00009,2020-08-02,30,61372.46,0,0.6042,C,0.526,not_contacted,2020-11-01,0
A000581,B00288,2020-08-03,52,44022.52,0,0.2416,C,0.603,contacted,2020-11-02,0
A000404,B00200,2020-08-06,34,34843.4,0,0.2223,B,0.291,contacted,2020-11-05,1
A000679,B00340,2020-08-06,47,43257.56,0,0.05,A,0.479,contacted,2020-11-05,0
A000734,B00368,2020-08-06,69,20008.32,0,0.4765,D,0.054,contacted,2020-11-05,0
A000577,B00286,2020-08-08,23,41738.93,0,0.2887,C,,contacted,2020-11-07,0
A000680,B00341,2020-08-09,39,78893.48,0,0.2558,B,0.833,not_contacted,2020-11-08,0
A000040,B00021,2020-08-11,45,82485.85,0,0.5823,C,0.541,not_contacted,2020-11-10,0
A000639,B00320,2020-08-11,36,67145.01,0,0.3053,C,0.586,contacted,2020-11-10,0
A000294,B00148,2020-08-17,63,54093.64,0,0.3672,C,0.535,contacted,2020-11-16,0
A000536,B00268,2020-08-17,29,65070.71,0,0.1913,A,0.689,not_contacted,2020-11-16,0
A000153,B00077,2020-08-21,49,50096.67,0,0.1259,B,0.781,not_contacted,2020-11-20,0
A000459,B00230,2020-08-22,28,59134.12,0,0.4595,C,0.505,contacted,2020-11-21,0
A000290,B00146,2020-08-24,63,132496.99,0,0.6508,C,0.285,contacted,2020-11-23,0
A000406,B00201,2020-08-24,22,106222.08,0,0.5377,C,0.466,not_contacted,2020-11-23,0
A000160,B00080,2020-08-25,75,65835.56,0,0.3544,B,0.607,not_contacted,2020-11-24,0
A000034,B00018,2020-08-26,72,21690.53,0,0.1271,A,,not_contacted,2020-11-25,0
A000412,B00204,2020-08-26,31,36874.98,0,0.2629,B,0.845,not_contacted,2020-11-25,0
A000702,B00353,2020-08-26,69,84678.55,0,0.1441,B,0.562,contacted,2020-11-25,0
A000050,B00026,2020-08-27,30,26008.5,0,0.2236,B,0.074,not_contacted,2020-11-26,0
A000588,B00292,2020-08-28,40,30190.11,0,0.2172,B,0.337,not_contacted,2020-11-27,0
A000629,B00314,2020-09-01,57,59288.26,0,0.361,C,0.0,contacted,2020-12-01,1
A000606,B00300,2020-09-03,71,61073.1,0,0.4888,C,0.674,contacted,2020-12-03,0
A000200,B00101,2020-09-07,62,27049.65,0,0.6301,C,0.408,contacted,2020-12-07,0
A000145,B00073,2020-09-08,20,132498.69,0,0.3337,B,0.375,not_contacted,2020-12-08,0
A000036,B00019,2020-09-09,21,66508.1,0,0.4729,C,0.499,not_contacted,2020-12-09,0
A000658,B00330,2020-09-10,35,36879.53,0,0.2358,B,0.395,contacted,2020-12-10,0
A000014,B00006,2020-09-12,55,38874.89,0,0.5479,B,0.487,contacted,2020-12-12,0
A000303,B00152,2020-09-14,66,59035.33,0,0.3603,C,0.045,contacted,2020-12-14,0
A000322,B00160,2020-09-14,45,54807.22,0,0.1621,B,0.0,contacted,2020-12-14,0
A000500,B00251,2020-09-14,78,34154.56,0,0.3472,C,0.481,contacted,2020-12-14,0
A000273,B00138,2020-09-20,66,41636.86,0,0.3968,C,,contacted,2020-12-20,0
A000022,B00010,2020-09-22,29,38440.65,0,0.6182,D,0.54,not_contacted,2020-12-22,0
A000312,B00156,2020-09-22,75,109457.24,0,0.5967,C,0.397,contacted,2020-12-22,0
A000621,B00308,2020-09-22,71,95910.46,0,0.281,C,0.754,not_contacted,2020-12-22,0
A000712,B00357,2020-09-24,46,43646.15,0,0.6818,D,0.515,not_contacted,2020-12-24,0
A000356,B00177,2020-09-27,77,28553.61,0,0.1263,B,0.161,contacted,2020-12-27,0
A000056,B00029,2020-09-28,26,80526.17,0,0.6761,D,0.22,contacted,2020-12-28,0
A000264,B00133,2020-09-29,78,42217.71,0,0.3791,C,0.379,not_contacted,2020-12-29,0
A000423,B00210,2020-09-29,47,50313.82,0,0.3162,B,0.601,not_contacted,2020-12-29,0
A000198,B00100,2020-09-30,48,62036.81,0,0.709,D,0.385,not_contacted,2020-12-30,1
A000468,B00234,2020-10-01,27,61536.08,0,0.3032,C,0.458,not_contacted,2020-12-31,0
A000650,B00325,2020-10-06,73,24397.7,0,0.3791,C,,contacted,2021-01-05,0
A000586,B00291,2020-10-07,53,54271.71,0,0.2701,B,0.29,not_contacted,2021-01-06,0
A000466,B00233,2020-10-09,29,39660.54,0,0.3108,C,0.552,not_contacted,2021-01-08,0
A000210,B00105,2020-10-10,43,42463.74,0,0.3972,C,0.73,not_contacted,2021-01-09,0
A000502,B00253,2020-10-10,44,76009.01,0,0.445,C,0.53,contacted,2021-01-09,0
A000551,B00273,2020-10-10,69,14698.16,0,0.3495,C,0.194,not_contacted,2021-01-09,0
A000653,B00327,2020-10-12,64,26620.61,0,0.0955,A,0.865,contacted,2021-01-11,0
A000723,B00362,2020-10-12,35,26378.43,0,0.4731,C,0.279,not_contacted,2021-01-11,0
A000027,B00013,2020-10-15,62,42976.25,0,0.5434,D,0.426,not_contacted,2021-01-14,0
A000191,B00096,2020-10-15,65,32724.77,0,0.6437,C,0.461,contacted,2021-01-14,0
A000225,B00113,2020-10-15,32,28814.8,0,0.2212,C,0.57,not_contacted,2021-01-14,0
A000285,B00144,2020-10-15,72,27372.55,0,0.5412,D,0.603,not_contacted,2021-01-14,0
A000540,B00269,2020-10-16,48,99294.88,0,0.2905,B,0.529,not_contacted,2021-01-15,0
A000143,B00072,2020-10-17,60,64557.68,0,0.5292,B,0.421,not_contacted,2021-01-16,0
A000221,B00110,2020-10-22,22,66666.32,0,0.4418,C,0.396,not_contacted,2021-01-21,0
A000725,B00363,2020-10-25,29,52330.57,0,0.6165,C,0.314,contacted,2021-01-24,0
A000670,B00336,2020-10-26,64,32567.48,0,0.5909,C,,contacted,2021-01-25,0
A000110,B00057,2020-10-27,73,97087.79,0,0.5325,C,,not_contacted,2021-01-26,0
A000730,B00366,2020-10-27,63,56712.45,0,0.1119,B,0.499,contacted,2021-01-26,0
A000135,B00068,2020-10-28,44,31444.34,0,0.4178,B,0.211,contacted,2021-01-27,0
A000093,B00050,2020-10-30,49,25533.98,0,0.1539,B,0.428,not_contacted,2021-01-29,1
A000530,B00265,2020-10-31,52,26918.45,0,0.5513,C,0.282,not_contacted,2021-01-30,0
A000009,B00004,2020-11-01,38,37505.75,0,0.4848,C,0.596,contacted,2021-01-31,0
A000126,B00064,2020-11-02,69,49961.59,0,0.5295,C,1.0,contacted,2021-02-01,0
A000749,B00375,2020-11-03,70,34732.0,0,0.2104,B,0.566,contacted,2021-02-02,0
A000132,B00067,2020-11-04,77,16625.97,0,0.1098,B,0.509,contacted,2021-02-03,0
A000439,B00221,2020-11-05,62,21701.37,0,0.3102,B,0.527,not_contacted,2021-02-04,0
A000751,B00377,2020-11-05,58,42801.04,0,0.05,A,0.614,not_contacted,2021-02-04,0
A000532,B00266,2020-11-06,77,37605.69,0,0.1312,B,0.483,contacted,2021-02-05,0
A000212,B00106,2020-11-07,65,38261.73,0,0.076,B,0.727,not_contacted,2021-02-06,0
A000259,B00131,2020-11-08,52,136518.47,0,0.414,C,0.526,not_contacted,2021-02-07,0
A000742,B00372,2020-11-09,22,47624.34,0,0.4685,C,0.542,not_contacted,2021-02-08,0
A000685,B00343,2020-11-10,61,66097.28,0,0.518,C,0.412,not_contacted,2021-02-09,0
A000121,B00062,2020-11-11,64,46116.49,0,0.5616,C,0.468,not_contacted,2021-02-10,0
A000156,B00078,2020-11-11,45,28937.77,0,0.5272,C,0.475,not_contacted,2021-02-10,0
A000252,B00127,2020-11-15,66,55947.32,0,0.4143,C,0.413,contacted,2021-02-14,0
A000256,B00129,2020-11-15,34,21376.2,0,0.2789,B,0.406,not_contacted,2021-02-14,0
A000039,B00020,2020-11-22,78,54460.45,0,0.4394,C,0.288,not_contacted,2021-02-21,0
A000292,B00147,2020-11-23,26,21869.12,0,0.1235,B,0.583,not_contacted,2021-02-22,0
A000083,B00045,2020-11-25,53,48576.08,0,0.2135,C,0.606,not_contacted,2021-02-24,0
A000525,B00263,2020-11-26,51,39547.31,0,0.2872,C,0.594,not_contacted,2021-02-25,0
A000098,B00053,2020-11-27,36,46002.01,0,0.4929,C,0.4,contacted,2021-02-26,0
A000471,B00236,2020-11-29,61,33084.92,0,0.5578,D,0.415,not_contacted,2021-02-28,0
A000408,B00202,2020-12-01,60,42822.14,0,0.4641,C,0.326,not_contacted,2021-03-02,0
A000274,B00139,2020-12-03,27,50580.04,0,0.2107,B,0.526,contacted,2021-03-04,0
A000616,B00306,2020-12-04,56,75698.89,0,0.5131,D,0.875,not_contacted,2021-03-05,0
A000713,B00357,2020-12-04,46,43646.15,0,0.4899,B,0.284,not_contacted,2021-03-05,0
A000571,B00283,2020-12-05,47,47793.72,0,0.2744,C,0.579,not_contacted,2021-03-06,0
A000625,B00312,2020-12-05,63,25444.09,0,0.209,B,0.453,not_contacted,2021-03-06,0
A000434,B00218,2020-12-07,76,23280.29,0,0.6006,C,0.334,contacted,2021-03-08,0
A000201,B00101,2020-12-09,62,27049.65,0,0.2922,B,0.0,contacted,2021-03-10,0
A000003,B00001,2020-12-11,64,49344.59,0,0.645,D,0.774,contacted,2021-03-12,0
A000154,B00077,2020-12-11,49,50096.67,0,0.5318,C,0.791,contacted,2021-03-12,0
A000460,B00230,2020-12-12,28,59134.12,0,0.074,B,0.519,not_contacted,2021-03-13,0
A000265,B00133,2020-12-14,78,42217.71,0,0.4811,C,0.523,contacted,2021-03-15,0
A000432,B00217,2020-12-14,70,57483.63,0,0.4742,C,0.372,contacted,2021-03-15,0
A000637,B00319,2020-12-17,33,72608.51,0,0.2636,B,0.379,not_contacted,2021-03-18,0
A000718,B00359,2020-12-19,70,26877.39,0,0.0828,B,0.466,not_contacted,2021-03-20,0
A000163,B00082,2020-12-21,73,75881.03,0,0.5434,C,,contacted,2021-03-22,0
A000591,B00293,2020-12-22,36,58165.45,0,0.5625,B,0.628,not_contacted,2021-03-23,0
A000644,B00322,2020-12-22,26,92607.38,0,0.4527,D,0.779,not_contacted,2021-03-23,0
A000079,B00042,2020-12-27,36,44404.82,0,0.1557,A,0.549,contacted,2021-03-28,0
A000368,B00181,2020-12-27,25,62717.42,0,0.6938,D,0.812,not_contacted,2021-03-28,1
A000427,B00213,2020-12-27,30,91623.09,0,0.371,C,0.445,contacted,2021-03-28,0
A000310,B00155,2020-12-28,23,92719.63,0,0.221,B,0.0,contacted,2021-03-29,0
A000627,B00313,2020-12-28,56,68744.34,0,0.3251,C,0.813,not_contacted,2021-03-29,0
A000477,B00239,2020-12-30,74,53733.79,0,0.05,A,0.393,contacted,2021-03-31,0
A000587,B00291,2020-12-30,53,54271.71,0,0.2533,C,0.172,contacted,2021-03-31,0
A000341,B00169,2021-01-06,44,51054.38,0,0.3487,D,0.529,not_contacted,2021-04-07,1
A000389,B00191,2021-01-07,55,47663.22,0,0.4287,C,0.768,not_contacted,2021-04-08,0
A000147,B00074,2021-01-08,24,44023.19,0,0.1117,B,,contacted,2021-04-09,0
A000359,B00178,2021-01-08,71,48086.14,0,0.2862,C,0.562,not_contacted,2021-04-09,0
A000167,B00084,2021-01-09,60,53066.28,0,0.6058,D,0.697,contacted,2021-04-10,0
A000182,B00091,2021-01-10,44,102050.11,0,0.356,B,0.338,not_contacted,2021-04-11,0
A000675,B00338,2021-01-12,67,44230.68,0,0.2555,C,0.451,not_contacted,2021-04-13,0
A000442,B00222,2021-01-13,59,59693.56,0,0.5704,C,0.644,contacted,2021-04-14,0
A000661,B00332,2021-01-13,54,84319.69,0,0.3095,B,0.202,contacted,2021-04-14,0
A000195,B00098,2021-01-17,35,30176.71,0,0.0811,B,0.568,contacted,2021-04-18,0
A000304,B00153,2021-01-17,45,52890.66,0,0.1213,B,0.785,not_contacted,2021-04-18,0
A000041,B00021,2021-01-18,45,82485.85,0,0.0706,B,0.324,contacted,2021-04-19,0
A000582,B00289,2021-01-19,59,80968.09,0,0.4418,B,0.163,not_contacted,2021-04-20,0
A000391,B00192,2021-01-20,26,31638.35,0,0.0786,B,,not_contacted,2021-04-21,0
A000589,B00292,2021-01-21,40,30190.11,0,0.3665,B,0.618,not_contacted,2021-04-22,0
A000373,B00183,2021-01-23,63,39197.05,0,0.431,C,0.477,contacted,2021-04-24,1
A000663,B00333,2021-01-23,32,37850.64,0,0.3814,B,0.499,contacted,2021-04-24,0
A000494,B00248,2021-01-24,51,21095.79,0,0.6783,D,0.633,contacted,2021-04-25,0
A000148,B00075,2021-01-26,26,61278.24,0,0.4796,C,0.579,not_contacted,2021-04-27,0
A000271,B00137,2021-01-27,36,39268.26,0,0.4853,C,0.359,contacted,2021-04-28,0
A000522,B00262,2021-01-27,36,47852.81,0,0.3152,C,0.394,not_contacted,2021-04-28,0
A000699,B00350,2021-01-31,38,41585.91,0,0.0598,B,0.21,contacted,2021-05-02,0
A000275,B00139,2021-02-01,27,50580.04,0,0.321,C,0.713,not_contacted,2021-05-03,0
A000573,B00284,2021-02-02,32,133437.66,0,0.5183,C,0.472,not_contacted,2021-05-04,0
A000033,B00017,2021-02-03,31,74670.89,0,0.2818,C,0.334,contacted,2021-05-05,0
A000396,B00194,2021-02-03,65,55088.56,0,0.1826,C,0.41,not_contacted,2021-05-05,0
A000088,B00048,2021-02-04,39,50460.97,0,0.7144,D,0.831,contacted,2021-05-06,0
A000745,B00373,2021-02-04,77,43147.07,0,0.1467,B,0.25,contacted,2021-05-06,0
A000199,B00100,2021-02-05,48,62036.81,1,0.2131,C,0.531,not_contacted,2021-05-07,0
A000180,B00090,2021-02-10,34,66116.85,0,0.7289,C,0.411,contacted,2021-05-12,1
A000590,B00292,2021-02-10,40,30190.11,0,0.5713,C,0.516,contacted,2021-05-12,1
A000695,B00349,2021-02-10,25,28111.17,0,0.476,B,0.492,not_contacted,2021-05-12,0
A000339,B00168,2021-02-13,27,82836.82,0,0.1672,C,0.412,not_contacted,2021-05-15,0
A000461,B00231,2021-02-13,21,35672.27,0,0.05,B,0.551,contacted,2021-05-15,0
A000557,B00276,2021-02-13,45,34689.36,0,0.3801,B,1.0,not_contacted,2021-05-15,0
A000612,B00304,2021-02-17,61,31940.55,0,0.603,D,0.0,contacted,2021-05-19,0
A000249,B00126,2021-02-18,33,34105.96,0,0.1225,B,0.56,not_contacted,2021-05-20,0
A000164,B00082,2021-02-19,73,75881.03,0,0.5789,C,0.89,contacted,2021-05-21,0
A000173,B00086,2021-02-20,56,34876.89,0,0.3399,C,0.364,not_contacted,2021-05-22,0
A000282,B00142,2021-02-20,27,67257.45,0,0.4084,C,0.152,contacted,2021-05-22,0
A000759,B00380,2021-02-20,49,46232.17,1,0.2819,C,0.674,not_contacted,2021-05-22,0
A000250,B00126,2021-02-23,33,34105.96,0,0.8283,C,0.936,contacted,2021-05-25,0
A000720,B00361,2021-02-27,58,31909.79,0,0.3013,B,0.335,not_contacted,2021-05-29,0
A000732,B00367,2021-03-01,61,84196.71,0,0.2369,C,0.731,not_contacted,2021-05-31,0
A000149,B00075,2021-03-04,26,61278.24,0,0.5005,C,0.244,contacted,2021-06-03,0
A000286,B00144,2021-03-07,72,27372.55,0,0.2557,B,0.539,contacted,2021-06-06,0
A000319,B00159,2021-03-09,34,38020.8,0,0.1825,B,0.844,not_contacted,2021-06-08,0
A000443,B00222,2021-03-09,59,59693.56,0,0.214,B,0.523,not_contacted,2021-06-08,0
A000709,B00355,2021-03-09,64,57174.47,0,0.1474,B,0.486,not_contacted,2021-06-08,0
A000657,B00329,2021-03-10,66,45617.34,0,0.2859,C,0.465,not_contacted,2021-06-09,0
A000311,B00155,2021-03-11,23,92719.63,0,0.3817,C,,contacted,2021-06-10,0
A000035,B00018,2021-03-15,72,21690.53,0,0.4022,B,0.854,contacted,2021-06-14,0
A000128,B00065,2021-03-15,73,45631.71,0,0.2334,B,0.464,not_contacted,2021-06-14,0
A000385,B00189,2021-03-15,43,64954.92,0,0.3857,B,,contacted,2021-06-14,0
A000613,B00305,2021-03-17,32,30155.94,0,0.1477,B,0.666,not_contacted,2021-06-16,0
A000437,B00220,2021-03-20,40,23018.33,0,0.5826,C,,not_contacted,2021-06-19,0
A000700,B00351,2021-03-22,76,177973.61,0,0.2835,B,0.75,contacted,2021-06-21,0
A000739,B00371,2021-03-22,28,62601.02,0,0.6034,B,0.716,not_contacted,2021-06-21,0
A000260,B00132,2021-03-24,28,69933.72,0,0.2628,B,0.655,contacted,2021-06-23,0
A000062,B00032,2021-03-25,35,46953.94,0,0.3373,C,0.692,contacted,2021-06-24,1
A000690,B00345,2021-03-25,76,49765.57,0,0.2616,B,,contacted,2021-06-24,1
A000705,B00354,2021-03-25,68,55570.75,0,0.2151,B,,contacted,2021-06-24,0
A000317,B00158,2021-03-26,38,73329.67,0,0.25,C,0.474,not_contacted,2021-06-25,0
A000487,B00244,2021-03-28,55,16998.78,0,0.471,C,0.182,contacted,2021-06-27,1
A000415,B00205,2021-03-30,26,58185.49,0,0.2499,B,0.482,contacted,2021-06-29,1
A000617,B00306,2021-03-30,56,75698.89,0,0.122,B,0.89,contacted,2021-06-29,0
A000151,B00076,2021-03-31,63,60218.65,0,0.3026,C,0.443,contacted,2021-06-30,0
A000633,B00317,2021-03-31,62,147723.59,0,0.1247,B,0.444,contacted,2021-06-30,0
A000750,B00376,2021-03-31,59,59965.58,0,0.1271,B,0.241,not_contacted,2021-06-30,0
A000090,B00049,2021-04-06,53,32718.06,0,0.3507,B,0.77,contacted,2021-07-06,0
A000353,B00175,2021-04-08,51,24853.75,0,0.3673,B,0.694,not_contacted,2021-07-08,1
A000488,B00245,2021-04-08,54,38447.06,0,0.1531,B,0.261,not_contacted,2021-07-08,0
A000493,B00247,2021-04-08,67,77782.24,0,0.1918,A,0.663,not_contacted,2021-07-08,0
A000611,B00303,2021-04-11,70,19677.68,0,0.6147,D,0.502,not_contacted,2021-07-11,0
A000127,B00064,2021-04-13,69,49961.59,0,0.2319,B,0.681,not_contacted,2021-07-13,0
A000584,B00290,2021-04-13,21,36127.96,0,0.5811,C,0.581,not_contacted,2021-07-13,0
A000506,B00254,2021-04-14,67,72135.21,0,0.5547,D,,not_contacted,2021-07-14,0
A000010,B00004,2021-04-15,38,37505.75,0,0.3271,B,0.371,not_contacted,2021-07-15,0
A000031,B00016,2021-04-15,47,67701.35,0,0.6427,C,0.501,not_contacted,2021-07-15,0
A000295,B00148,2021-04-15,63,54093.64,0,0.4552,C,0.456,contacted,2021-07-15,0
A000428,B00214,2021-04-15,25,28280.23,0,0.6387,C,0.314,contacted,2021-07-15,0
A000630,B00314,2021-04-17,57,59288.26,1,0.1969,C,0.614,not_contacted,2021-07-17,0
A000574,B00285,2021-04-21,48,28173.68,0,0.5843,D,0.585,not_contacted,2021-07-21,0
A000253,B00127,2021-04-22,66,55947.32,0,0.3395,B,0.394,not_contacted,2021-07-22,0
A000660,B00331,2021-04-22,47,47278.61,0,0.05,B,0.354,contacted,2021-07-22,0
A000006,B00003,2021-04-23,24,65643.73,0,0.1477,A,0.484,contacted,2021-07-23,0
A000187,B00094,2021-04-25,26,64551.89,0,0.6137,C,0.659,not_contacted,2021-07-25,1
A000236,B00120,2021-04-26,22,85993.63,0,0.7344,D,0.669,not_contacted,2021-07-26,0
A000124,B00063,2021-04-27,51,80213.19,0,0.5104,D,0.523,contacted,2021-07-27,0
A000298,B00151,2021-04-27,53,54818.49,0,0.4068,B,,not_contacted,2021-07-27,0
A000619,B00307,2021-04-27,68,53932.89,0,0.689,D,0.505,contacted,2021-07-27,0
A000141,B00071,2021-04-29,66,63587.09,0,0.2383,C,0.478,contacted,2021-07-29,0
A000541,B00270,2021-05-03,33,23177.94,0,0.1972,B,0.279,not_contacted,2021-08-02,1
A000105,B00055,2021-05-06,44,46168.56,0,0.4744,C,0.595,contacted,2021-08-05,0
A000276,B00140,2021-05-06,60,40052.04,0,0.05,B,0.122,not_contacted,2021-08-05,0
A000102,B00054,2021-05-07,63,66682.74,0,0.4249,C,0.514,contacted,2021-08-06,0
A000329,B00164,2021-05-10,42,34421.47,0,0.05,B,0.652,not_contacted,2021-08-09,0
A000513,B00257,2021-05-10,35,52157.89,0,0.5005,C,0.813,not_contacted,2021-08-09,0
A000374,B00184,2021-05-12,22,51235.35,0,0.6845,C,,not_contacted,2021-08-11,0
A000570,B00282,2021-05-14,28,57648.53,0,0.3748,C,0.615,not_contacted,2021-08-13,0
A000267,B00135,2021-05-17,37,61581.9,0,0.4969,C,0.553,not_contacted,2021-08-16,0
A000618,B00306,2021-05-17,56,75698.89,0,0.1474,B,0.187,not_contacted,2021-08-16,0
A000470,B00235,2021-05-21,42,22639.78,0,0.175,B,0.909,contacted,2021-08-20,0
A000501,B00252,2021-05-21,25,25327.3,0,0.4849,B,0.435,not_contacted,2021-08-20,0
A000664,B00333,2021-05-21,32,37850.64,0,0.1183,B,0.93,contacted,2021-08-20,0
A000089,B00048,2021-05-22,39,50460.97,0,0.2513,B,0.789,contacted,2021-08-21,0
A000350,B00174,2021-05-23,65,38387.11,0,0.524,C,,not_contacted,2021-08-22,0
A000592,B00293,2021-05-23,36,58165.45,0,0.4443,C,0.01,not_contacted,2021-08-22,0
A000596,B00295,2021-05-23,58,37460.66,0,0.4265,C,0.369,not_contacted,2021-08-22,0
A000765,B00383,2021-05-23,33,29003.91,0,0.245,B,0.556,contacted,2021-08-22,0
A000016,B00007,2021-05-24,68,27349.58,0,0.2057,B,,not_contacted,2021-08-23,0
A000190,B00095,2021-05-24,66,38791.0,0,0.248,B,0.312,not_contacted,2021-08-23,0
A000648,B00324,2021-05-24,40,41976.86,1,0.2229,C,0.397,contacted,2021-08-23,0
A000747,B00374,2021-05-24,40,92227.1,0,0.8428,D,0.686,contacted,2021-08-23,1
A000601,B00297,2021-05-26,59,49580.86,0,0.4103,C,0.353,contacted,2021-08-25,0
A000696,B00349,2021-05-28,25,28111.17,0,0.0704,C,0.619,not_contacted,2021-08-27,1
A000103,B00054,2021-05-29,63,66682.74,0,0.2231,C,0.838,contacted,2021-08-28,0
A000681,B00341,2021-05-29,39,78893.48,0,0.3051,B,0.057,contacted,2021-08-28,0
A000450,B00226,2021-05-30,26,68016.13,0,0.1736,A,0.398,not_contacted,2021-08-29,0
A000738,B00370,2021-05-31,42,53539.87,0,0.4592,C,0.566,not_contacted,2021-08-30,0
A000323,B00160,2021-06-05,45,54807.22,0,0.1588,B,0.551,contacted,2021-09-04,0
A000528,B00264,2021-06-05,28,45146.09,0,0.4616,B,0.889,not_contacted,2021-09-04,0
A000376,B00185,2021-06-06,57,22901.84,0,0.1961,C,0.585,not_contacted,2021-09-05,0
A000146,B00073,2021-06-07,20,132498.69,0,0.5584,C,,not_contacted,2021-09-06,0
A000287,B00145,2021-06-09,46,101717.37,0,0.4234,C,0.464,contacted,2021-09-08,0
A000447,B00224,2021-06-09,26,89373.37,0,0.1893,B,0.735,contacted,2021-09-08,0
A000213,B00106,2021-06-10,65,38261.73,0,0.4099,C,0.338,contacted,2021-09-09,0
A000261,B00132,2021-06-10,28,69933.72,0,0.4225,B,0.613,contacted,2021-09-09,0
A000575,B00285,2021-06-10,48,28173.68,0,0.05,B,0.33,contacted,2021-09-09,0
A000386,B00189,2021-06-14,43,64954.92,0,0.5465,C,0.425,contacted,2021-09-13,0
A000610,B00302,2021-06-17,55,47037.67,0,0.1899,C,0.397,not_contacted,2021-09-16,0
A000011,B00005,2021-06-18,50,75635.23,0,0.2656,C,,contacted,2021-09-17,1
A000118,B00061,2021-06-20,21,28859.16,0,0.3238,C,0.108,contacted,2021-09-19,0
A000498,B00249,2021-06-20,66,54553.6,0,0.0611,B,0.576,not_contacted,2021-09-19,0
A000517,B00260,2021-06-20,53,47456.61,0,0.6215,D,,not_contacted,2021-09-19,0
A000226,B00113,2021-06-21,32,28814.8,0,0.7113,C,0.778,not_contacted,2021-09-20,0
A000291,B00146,2021-06-21,63,132496.99,0,0.5935,C,0.923,not_contacted,2021-09-20,0
A000346,B00171,2021-06-21,35,58502.0,0,0.3748,C,,contacted,2021-09-20,0
A000686,B00343,2021-06-21,61,66097.28,0,0.3548,B,0.151,not_contacted,2021-09-20,0
A000284,B00143,2021-06-22,36,84217.68,0,0.1975,A,0.67,contacted,2021-09-21,0
A000067,B00035,2021-06-24,67,54082.52,0,0.3476,B,0.241,contacted,2021-09-23,0
A000721,B00361,2021-06-25,58,31909.79,0,0.0868,B,0.54,contacted,2021-09-24,0
A000099,B00053,2021-06-26,36,46002.01,0,0.1281,A,0.663,not_contacted,2021-09-25,0
A000176,B00088,2021-06-27,71,52841.4,0,0.1369,A,0.666,not_contacted,2021-09-26,0
A000714,B00357,2021-06-27,46,43646.15,0,0.1689,B,0.124,contacted,2021-09-26,0
A000078,B00041,2021-06-30,74,43856.16,0,0.4326,D,,contacted,2021-09-29,0
A000333,B00166,2021-06-30,53,87147.41,0,0.6384,D,0.523,contacted,2021-09-29,0
A000351,B00174,2021-07-03,65,38387.11,0,0.5373,D,,contacted,2021-10-02,0
A000401,B00198,2021-07-04,47,74754.36,0,0.4177,C,0.562,not_contacted,2021-10-03,0
A000598,B00296,2021-07-04,44,29995.24,0,0.5218,C,0.673,contacted,2021-10-03,1
A000219,B00109,2021-07-05,38,68722.88,0,0.3256,C,0.22,not_contacted,2021-10-04,0
A000676,B00338,2021-07-05,67,44230.68,0,0.2119,C,0.925,not_contacted,2021-10-04,1
A000495,B00248,2021-07-07,51,21095.79,0,0.2326,B,0.27,not_contacted,2021-10-06,0
A000334,B00166,2021-07-14,53,87147.41,0,0.7412,C,0.412,contacted,2021-10-13,0
A000133,B00067,2021-07-15,77,16625.97,0,0.3575,C,0.269,contacted,2021-10-14,0
A000215,B00107,2021-07-15,38,43009.16,0,0.1644,B,0.534,not_contacted,2021-10-14,1
A000313,B00156,2021-07-15,75,109457.24,0,0.7852,D,0.773,contacted,2021-10-14,0
A000421,B00208,2021-07-16,50,94510.15,0,0.4774,C,0.064,contacted,2021-10-15,0
A000703,B00353,2021-07-19,69,84678.55,0,0.4767,C,0.523,contacted,2021-10-18,0
A000107,B00056,2021-07-20,71,29653.22,0,0.1006,A,0.557,contacted,2021-10-19,0
A000338,B00167,2021-07-20,23,29467.72,0,0.3007,B,0.398,not_contacted,2021-10-19,0
A000112,B00059,2021-07-21,28,75181.99,0,0.2951,B,0.762,contacted,2021-10-20,0
A000371,B00182,2021-07-21,26,80689.74,0,0.3605,C,0.654,not_contacted,2021-10-20,1
A000728,B00364,2021-07-22,61,36220.38,0,0.6487,C,0.413,contacted,2021-10-21,1
A000240,B00123,2021-07-24,33,39852.05,0,0.4712,C,0.63,not_contacted,2021-10-23,0
A000068,B00035,2021-07-27,67,54082.52,0,0.2856,B,0.018,not_contacted,2021-10-26,0
A000277,B00140,2021-07-31,60,40052.04,0,0.5767,D,0.458,not_contacted,2021-10-30,0
A000673,B00337,2021-08-01,47,77518.93,0,0.5463,C,0.231,contacted,2021-10-31,0
A000378,B00186,2021-08-02,38,72980.02,0,0.2197,C,,not_contacted,2021-11-01,0
A000553,B00275,2021-08-02,75,37792.86,0,0.3153,C,0.501,not_contacted,2021-11-01,0
A000354,B00175,2021-08-04,51,24853.75,1,0.0617,C,0.85,not_contacted,2021-11-03,1
A000288,B00145,2021-08-07,46,101717.37,0,0.2321,B,0.506,contacted,2021-11-06,0
A000377,B00185,2021-08-07,57,22901.84,0,0.1107,B,0.556,contacted,2021-11-06,0
A000775,B00388,2021-08-08,53,77354.04,0,0.1731,B,0.0,contacted,2021-11-07,0
A000544,B00271,2021-08-10,71,76814.31,0,0.1624,B,0.573,not_contacted,2021-11-09,0
A000381,B00187,2021-08-11,41,30420.55,0,0.4864,C,0.712,contacted,2021-11-10,0
A000503,B00253,2021-08-12,44,76009.01,0,0.4785,C,0.555,not_contacted,2021-11-11,0
A000125,B00063,2021-08-15,51,80213.19,0,0.5555,D,0.241,contacted,2021-11-14,0
A000227,B00114,2021-08-15,53,58135.79,0,0.5234,D,0.868,not_contacted,2021-11-14,0
A000603,B00298,2021-08-16,43,104603.39,0,0.4515,D,,not_contacted,2021-11-15,0
A000462,B00231,2021-08-18,21,35672.27,0,0.4578,B,0.903,not_contacted,2021-11-17,0
A000490,B00246,2021-08-18,70,53947.36,0,0.5008,C,0.886,not_contacted,2021-11-17,0
A000622,B00309,2021-08-18,23,50841.86,0,0.1378,B,0.657,not_contacted,2021-11-17,0
A000057,B00029,2021-08-19,26,80526.17,0,0.477,C,,contacted,2021-11-18,0
A000755,B00378,2021-08-19,21,43192.27,0,0.1155,B,0.404,contacted,2021-11-18,0
A000232,B00118,2021-08-21,42,54957.2,0,0.6993,D,0.268,not_contacted,2021-11-20,0
A000422,B00209,2021-08-21,25,22413.87,0,0.4993,B,0.523,not_contacted,2021-11-20,0
A000455,B00228,2021-08-21,66,59807.55,0,0.3229,B,0.294,not_contacted,2021-11-20,0
A000737,B00369,2021-08-21,74,23027.1,0,0.4052,D,,not_contacted,2021-11-20,0
A000205,B00103,2021-08-22,41,24555.29,0,0.2239,A,,not_contacted,2021-11-21,0
A000211,B00105,2021-08-22,43,42463.74,0,0.686,C,1.0,contacted,2021-11-21,1
A000445,B00223,2021-08-23,64,36261.36,0,0.4566,B,0.65,contacted,2021-11-22,0
A000757,B00379,2021-08-24,25,25890.83,0,0.2593,B,0.24,not_contacted,2021-11-23,0
A000410,B00203,2021-08-27,32,14601.82,0,0.2073,B,,not_contacted,2021-11-26,0
A000207,B00104,2021-08-28,47,72132.13,0,0.6498,D,0.611,contacted,2021-11-27,0
A000262,B00132,2021-08-28,28,69933.72,0,0.2602,B,0.438,contacted,2021-11-27,0
A000305,B00153,2021-08-28,45,52890.66,0,0.1655,B,0.35,contacted,2021-11-27,0
A000390,B00191,2021-08-28,55,47663.22,0,0.1301,A,,not_contacted,2021-11-27,0
A000018,B00008,2021-08-30,48,52725.44,0,0.4583,B,0.853,contacted,2021-11-29,1
A000483,B00242,2021-09-02,37,39584.51,0,0.2721,C,,contacted,2021-12-02,0
A000451,B00226,2021-09-04,26,68016.13,0,0.1753,B,0.041,contacted,2021-12-04,0
A000452,B00226,2021-09-05,26,68016.13,0,0.5959,D,0.0,contacted,2021-12-05,0
A000054,B00028,2021-09-09,55,38692.57,0,0.402,B,0.881,contacted,2021-12-09,0
A000058,B00029,2021-09-11,26,80526.17,0,0.1916,B,0.464,not_contacted,2021-12-11,0
A000266,B00134,2021-09-11,20,144101.61,0,0.5239,C,0.506,not_contacted,2021-12-11,0
A000568,B00281,2021-09-13,25,47808.39,0,0.4236,D,0.719,not_contacted,2021-12-13,0
A000767,B00384,2021-09-15,24,73575.56,0,0.4823,D,0.867,contacted,2021-12-15,0
A000202,B00101,2021-09-17,62,27049.65,0,0.4201,C,0.437,not_contacted,2021-12-17,0
A000607,B00300,2021-09-20,71,61073.1,0,0.4603,C,,not_contacted,2021-12-20,0
A000037,B00019,2021-09-21,21,66508.1,0,0.365,B,,contacted,2021-12-21,0
A000188,B00094,2021-09-21,26,64551.89,1,0.4996,D,0.342,not_contacted,2021-12-21,0
A000409,B00202,2021-09-21,60,42822.14,0,0.2489,B,0.636,not_contacted,2021-12-21,0
A000763,B00382,2021-09-22,23,47625.4,0,0.2595,C,,contacted,2021-12-22,0
A000778,B00389,2021-09-27,77,58002.1,0,0.507,C,0.141,not_contacted,2021-12-27,0
A000766,B00383,2021-09-30,33,29003.91,0,0.2299,B,,not_contacted,2021-12-30,0
A000059,B00030,2021-10-01,73,41354.69,0,0.2292,B,0.409,not_contacted,2021-12-31,0
A000659,B00330,2021-10-01,35,36879.53,0,0.226,B,0.606,not_contacted,2021-12-31,0
A000278,B00140,2021-10-02,60,40052.04,0,0.264,C,0.533,not_contacted,2022-01-01,0
A000733,B00367,2021-10-02,61,84196.71,0,0.5209,B,0.245,not_contacted,2022-01-01,0
A000165,B00082,2021-10-04,73,75881.03,0,0.6383,D,0.706,contacted,2022-01-03,0
A000620,B00307,2021-10-04,68,53932.89,0,0.1923,B,0.608,not_contacted,2022-01-03,0
A000208,B00104,2021-10-05,47,72132.13,0,0.3237,C,0.854,contacted,2022-01-04,0
A000239,B00122,2021-10-05,56,54336.2,0,0.1314,A,0.366,not_contacted,2022-01-04,0
A000420,B00207,2021-10-05,76,28422.78,0,0.5325,C,,contacted,2022-01-04,0
A000196,B00098,2021-10-06,35,30176.71,0,0.2435,B,0.457,contacted,2022-01-05,0
A000518,B00260,2021-10-07,53,47456.61,0,0.4055,C,0.583,not_contacted,2022-01-06,0
A000393,B00193,2021-10-09,68,54115.07,0,0.5204,C,0.361,not_contacted,2022-01-08,1
A000279,B00141,2021-10-10,52,83205.08,0,0.1675,C,0.502,contacted,2022-01-09,1
A000634,B00317,2021-10-11,62,147723.59,0,0.3161,B,0.277,contacted,2022-01-10,0
A000399,B00196,2021-10-13,39,48766.94,0,0.4527,B,0.299,contacted,2022-01-12,1
A000640,B00320,2021-10-13,36,67145.01,0,0.598,C,0.735,contacted,2022-01-12,0
A000706,B00354,2021-10-15,68,55570.75,0,0.3836,C,0.215,contacted,2022-01-14,0
A000764,B00382,2021-10-17,23,47625.4,0,0.4328,C,0.453,contacted,2022-01-16,0
A000177,B00089,2021-10-19,20,33742.04,0,0.6129,C,0.437,contacted,2022-01-18,0
A000403,B00199,2021-10-19,28,71130.08,0,0.6488,D,0.43,not_contacted,2022-01-18,1
A000229,B00116,2021-10-20,39,51542.29,0,0.2622,B,0.376,not_contacted,2022-01-19,0
A000636,B00318,2021-10-20,34,57061.48,0,0.6042,D,0.636,not_contacted,2022-01-19,0
A000433,B00217,2021-10-21,70,57483.63,0,0.1785,B,0.103,not_contacted,2022-01-20,0
A000548,B00272,2021-10-25,56,48419.09,0,0.3978,C,,contacted,2022-01-24,0
A000558,B00276,2021-10-25,45,34689.36,0,0.4982,C,0.449,not_contacted,2022-01-24,0
A000272,B00137,2021-10-26,36,39268.26,0,0.4993,B,0.647,not_contacted,2022-01-25,0
A000174,B00087,2021-10-27,74,45061.17,0,0.414,B,0.416,contacted,2022-01-26,0
A000383,B00188,2021-10-27,51,64902.44,0,0.3567,C,0.725,not_contacted,2022-01-26,0
A000743,B00372,2021-10-31,22,47624.34,0,0.4011,D,0.663,not_contacted,2022-01-30,0
A000047,B00024,2021-11-01,59,41152.93,0,0.4604,C,0.551,contacted,2022-01-31,0
A000228,B00115,2021-11-04,47,69587.42,0,0.2985,B,0.553,not_contacted,2022-02-03,0
A000583,B00289,2021-11-04,59,80968.09,0,0.6641,C,0.861,contacted,2022-02-03,0
A000384,B00188,2021-11-10,51,64902.44,0,0.4243,C,0.462,not_contacted,2022-02-09,0
A000283,B00142,2021-11-11,27,67257.45,0,0.325,B,0.302,contacted,2022-02-10,0
A000560,B00277,2021-11-11,69,145947.28,0,0.3787,B,0.279,contacted,2022-02-10,1
A000130,B00066,2021-11-12,55,50854.26,0,0.3691,C,0.482,contacted,2022-02-11,0
A000688,B00344,2021-11-13,50,56846.46,0,0.3292,C,0.766,not_contacted,2022-02-12,0
A000268,B00135,2021-11-15,37,61581.9,0,0.7955,D,0.405,not_contacted,2022-02-14,0
A000230,B00117,2021-11-18,24,30214.47,0,0.3283,C,0.418,not_contacted,2022-02-17,0
A000710,B00356,2021-11-18,39,50555.74,0,0.6181,D,0.539,contacted,2022-02-17,1
A000563,B00278,2021-11-21,33,33333.06,0,0.2009,B,0.641,contacted,2022-02-20,0
A000453,B00227,2021-11-22,62,56366.64,0,0.2851,B,0.182,not_contacted,2022-02-21,0
A000523,B00262,2021-11-25,36,47852.81,0,0.6945,D,0.413,not_contacted,2022-02-24,0
A000217,B00108,2021-11-26,50,46663.09,0,0.3391,C,0.157,not_contacted,2022-02-25,0
A000724,B00362,2021-11-28,35,26378.43,0,0.2346,C,,contacted,2022-02-27,0
A000768,B00384,2021-11-28,24,73575.56,0,0.6819,C,0.145,contacted,2022-02-27,0
A000545,B00271,2021-11-29,71,76814.31,0,0.1614,A,0.653,contacted,2022-02-28,0
A000752,B00377,2021-11-29,58,42801.04,0,0.3241,A,0.341,not_contacted,2022-02-28,1
A000007,B00003,2021-11-30,24,65643.73,0,0.6173,C,0.266,not_contacted,2022-03-01,0
A000324,B00161,2021-11-30,33,60558.42,0,0.4331,C,0.672,contacted,2022-03-01,0
A000416,B00205,2021-12-02,26,58185.49,1,0.2913,C,0.402,not_contacted,2022-03-03,0
A000331,B00165,2021-12-03,48,59262.58,0,0.336,B,0.414,contacted,2022-03-04,0
A000729,B00365,2021-12-03,76,38114.18,0,0.3221,C,0.656,contacted,2022-03-04,0
A000308,B00154,2021-12-04,52,32706.38,0,0.2461,C,0.661,not_contacted,2022-03-05,0
A000360,B00178,2021-12-04,71,48086.14,0,0.3137,B,0.487,contacted,2022-03-05,0
A000504,B00253,2021-12-08,44,76009.01,0,0.3838,D,0.473,contacted,2022-03-09,1
A000136,B00068,2021-12-09,44,31444.34,0,0.6246,C,0.181,not_contacted,2022-03-10,0
A000467,B00233,2021-12-09,29,39660.54,0,0.3382,C,0.176,not_contacted,2022-03-10,0
A000320,B00159,2021-12-10,34,38020.8,0,0.2593,C,0.676,contacted,2022-03-11,0
A000579,B00287,2021-12-11,48,84687.62,0,0.4534,D,0.319,contacted,2022-03-12,0
A000635,B00317,2021-12-11,62,147723.59,0,0.154,B,0.483,not_contacted,2022-03-12,0
A000355,B00176,2021-12-13,20,39898.56,0,0.3656,B,0.294,not_contacted,2022-03-14,0
A000214,B00106,2021-12-16,65,38261.73,0,0.1446,B,0.673,contacted,2022-03-17,0
A000074,B00038,2021-12-17,74,82983.16,0,0.4829,C,0.938,not_contacted,2022-03-18,0
A000113,B00059,2021-12-17,28,75181.99,0,0.3797,C,0.714,contacted,2022-03-18,0
A000342,B00169,2021-12-17,44,51054.38,1,0.2207,C,0.883,contacted,2022-03-18,0
A000479,B00240,2021-12-19,56,60994.86,0,0.311,C,,not_contacted,2022-03-20,0
A000398,B00195,2021-12-22,47,92184.52,0,0.5805,C,0.445,contacted,2022-03-23,0
A000614,B00305,2021-12-22,32,30155.94,0,0.6329,C,0.364,contacted,2022-03-23,0
A000012,B00005,2021-12-25,50,75635.23,1,0.3413,C,0.399,contacted,2022-03-26,0
A000081,B00044,2021-12-25,58,43078.89,0,0.2194,B,0.617,contacted,2022-03-26,0
A000394,B00193,2021-12-25,68,54115.07,1,0.321,D,0.503,not_contacted,2022-03-26,0
A000194,B00097,2021-12-26,61,35020.37,0,0.4263,C,0.719,not_contacted,2022-03-27,0
A000474,B00238,2021-12-26,26,28191.63,0,0.4537,C,0.529,contacted,2022-03-27,0
A000241,B00123,2021-12-28,33,39852.05,0,0.4018,C,0.578,not_contacted,2022-03-29,0
A000251,B00126,2021-12-29,33,34105.96,0,0.4061,B,0.816,contacted,2022-03-30,1
A000051,B00026,2021-12-31,30,26008.5,0,0.2538,B,0.4,not_contacted,2022-04-01,0
A000440,B00221,2022-01-01,62,21701.37,0,0.5014,C,0.397,contacted,2022-04-02,0
A000744,B00372,2022-01-03,22,47624.34,0,0.0781,B,0.722,not_contacted,2022-04-04,0
A000463,B00231,2022-01-04,21,35672.27,0,0.1577,B,0.619,contacted,2022-04-05,0
A000484,B00242,2022-01-04,37,39584.51,0,0.376,C,0.244,contacted,2022-04-05,0
A000388,B00190,2022-01-05,59,24971.07,0,0.236,B,0.851,not_contacted,2022-04-06,0
A000510,B00256,2022-01-05,69,41385.59,0,0.5315,D,0.345,contacted,2022-04-06,0
A000357,B00177,2022-01-07,77,28553.61,0,0.1048,A,0.178,contacted,2022-04-08,0
A000438,B00220,2022-01-07,40,23018.33,0,0.331,B,0.628,contacted,2022-04-08,0
A000537,B00268,2022-01-08,29,65070.71,0,0.3096,C,0.471,not_contacted,2022-04-09,0
A000019,B00008,2022-01-09,48,52725.44,1,0.2208,B,0.005,not_contacted,2022-04-10,0
A000168,B00084,2022-01-09,60,53066.28,0,0.4436,C,0.621,contacted,2022-04-10,1
A000206,B00103,2022-01-12,41,24555.29,0,0.4209,B,,contacted,2022-04-13,0
A000534,B00267,2022-01-13,31,62534.04,0,0.1721,A,0.412,contacted,2022-04-14,0
A000701,B00352,2022-01-13,68,48379.66,0,0.7858,D,0.707,not_contacted,2022-04-14,0
A000526,B00263,2022-01-14,51,39547.31,0,0.3897,C,0.642,not_contacted,2022-04-15,0
A000542,B00270,2022-01-14,33,23177.94,1,0.3252,C,0.847,contacted,2022-04-15,0
A000593,B00293,2022-01-14,36,58165.45,0,0.4079,B,0.319,not_contacted,2022-04-15,0
A000554,B00275,2022-01-16,75,37792.86,0,0.2598,B,0.593,not_contacted,2022-04-17,0
A000161,B00080,2022-01-17,75,65835.56,0,0.3548,C,0.76,not_contacted,2022-04-18,0
A000069,B00036,2022-01-18,35,28717.19,0,0.2695,C,0.621,contacted,2022-04-19,0
A000507,B00254,2022-01-18,67,72135.21,0,0.5284,C,0.547,contacted,2022-04-19,0
A000053,B00027,2022-01-19,46,77204.38,0,0.331,B,0.082,contacted,2022-04-20,0
A000508,B00255,2022-01-21,44,104777.72,0,0.3588,C,0.515,not_contacted,2022-04-22,0
A000496,B00248,2022-01-22,51,21095.79,0,0.6401,D,0.742,not_contacted,2022-04-23,0
A000184,B00092,2022-01-26,54,61374.43,0,0.731,C,0.115,not_contacted,2022-04-27,0
A000524,B00262,2022-01-29,36,47852.81,0,0.2622,C,0.254,contacted,2022-04-30,0
A000084,B00045,2022-02-01,53,48576.08,0,0.4843,C,0.347,contacted,2022-05-03,0
A000070,B00036,2022-02-03,35,28717.19,0,0.5546,B,0.491,not_contacted,2022-05-05,0
A000379,B00186,2022-02-03,38,72980.02,0,0.227,B,0.291,not_contacted,2022-05-05,0
A000013,B00005,2022-02-04,50,75635.23,1,0.092,B,,contacted,2022-05-06,0
A000175,B00087,2022-02-06,74,45061.17,0,0.135,B,0.232,not_contacted,2022-05-08,0
A000197,B00099,2022-02-08,35,55341.07,0,0.1518,A,0.42,not_contacted,2022-05-10,0
A000063,B00033,2022-02-09,77,43164.03,0,0.3807,C,0.431,contacted,2022-05-11,0
A000314,B00156,2022-02-10,75,109457.24,0,0.4163,C,0.044,contacted,2022-05-12,0
A000489,B00245,2022-02-11,54,38447.06,0,0.2781,B,0.518,not_contacted,2022-05-13,0
A000552,B00274,2022-02-15,72,26822.75,0,0.2297,B,0.342,contacted,2022-05-17,0
A000631,B00315,2022-02-15,50,117916.12,0,0.3438,B,0.424,not_contacted,2022-05-17,0
A000021,B00009,2022-02-16,30,61372.46,0,0.8165,D,,not_contacted,2022-05-18,1
A000594,B00294,2022-02-17,63,72287.8,0,0.5179,C,0.585,not_contacted,2022-05-19,0
A000055,B00028,2022-02-18,55,38692.57,0,0.4437,C,0.317,contacted,2022-05-20,0
A000297,B00150,2022-02-18,28,40871.94,0,0.1823,B,0.339,not_contacted,2022-05-20,0
A000646,B00323,2022-02-19,74,60082.69,0,0.1076,A,,contacted,2022-05-21,0
A000077,B00040,2022-02-20,42,64809.27,0,0.3848,C,0.362,not_contacted,2022-05-22,0
A000318,B00158,2022-02-21,38,73329.67,0,0.4236,B,0.136,not_contacted,2022-05-23,0
A000183,B00091,2022-02-22,44,102050.11,0,0.0554,B,0.406,not_contacted,2022-05-24,0
A000233,B00118,2022-02-24,42,54957.2,0,0.1445,B,0.472,not_contacted,2022-05-26,0
A000405,B00200,2022-02-24,34,34843.4,0,0.3523,C,0.319,not_contacted,2022-05-26,0
A000237,B00121,2022-02-27,67,46736.92,0,0.4838,C,0.451,contacted,2022-05-29,0
A000343,B00170,2022-02-27,77,29897.41,0,0.3304,C,0.151,not_contacted,2022-05-29,0
A000122,B00062,2022-02-28,64,46116.49,0,0.4041,C,,contacted,2022-05-30,0
A000114,B00060,2022-03-02,39,92332.57,0,0.1913,C,0.606,contacted,2022-06-01,0
A000131,B00066,2022-03-06,55,50854.26,0,0.1339,B,0.073,not_contacted,2022-06-05,0
A000546,B00271,2022-03-06,71,76814.31,0,0.1053,A,,not_contacted,2022-06-05,0
A000045,B00023,2022-03-10,56,46078.7,0,0.5459,C,0.396,not_contacted,2022-06-09,0
A000411,B00203,2022-03-10,32,14601.82,0,0.4066,C,0.698,contacted,2022-06-09,0
A000367,B00180,2022-03-11,49,40298.37,0,0.4647,C,0.394,contacted,2022-06-10,0
A000535,B00267,2022-03-13,31,62534.04,0,0.381,D,0.375,contacted,2022-06-12,0
A000604,B00298,2022-03-13,43,104603.39,0,0.5395,C,0.761,contacted,2022-06-12,1
A000082,B00044,2022-03-14,58,43078.89,0,0.0622,B,0.55,not_contacted,2022-06-13,0
A000186,B00093,2022-03-14,66,67588.39,0,0.1278,B,0.404,contacted,2022-06-13,0
A000327,B00163,2022-03-14,28,48384.82,0,0.2904,B,0.488,not_contacted,2022-06-13,0
A000418,B00206,2022-03-15,34,43029.62,0,0.2602,A,0.617,contacted,2022-06-14,0
A000711,B00356,2022-03-17,39,50555.74,1,0.2986,C,,contacted,2022-06-16,0
A000344,B00170,2022-03-19,77,29897.41,0,0.436,B,0.269,not_contacted,2022-06-18,0
A000328,B00163,2022-03-20,28,48384.82,0,0.4121,C,0.889,contacted,2022-06-19,0
A000569,B00281,2022-03-22,25,47808.39,0,0.555,C,0.602,not_contacted,2022-06-21,0
A000238,B00121,2022-03-24,67,46736.92,0,0.2817,C,0.524,contacted,2022-06-23,0
A000244,B00124,2022-03-25,39,58965.1,0,0.4735,C,0.635,not_contacted,2022-06-24,0
A000543,B00270,2022-03-26,33,23177.94,1,0.4525,D,0.787,not_contacted,2022-06-25,0
A000753,B00377,2022-03-27,58,42801.04,1,0.1934,B,0.183,not_contacted,2022-06-26,0
A000740,B00371,2022-03-28,28,62601.02,0,0.3568,B,0.681,not_contacted,2022-06-27,0
A000139,B00069,2022-04-02,45,28321.21,0,0.1983,B,0.613,not_contacted,2022-07-02,0
A000222,B00111,2022-04-04,49,51896.53,0,0.4944,B,0.595,not_contacted,2022-07-04,0
A000779,B00389,2022-04-05,77,58002.1,0,0.3387,B,0.618,contacted,2022-07-05,0
A000085,B00045,2022-04-09,53,48576.08,0,0.3582,C,0.291,not_contacted,2022-07-09,0
A000400,B00197,2022-04-09,63,59526.9,0,0.1707,B,0.524,not_contacted,2022-07-09,0
A000299,B00151,2022-04-10,53,54818.49,0,0.359,C,0.546,contacted,2022-07-10,0
A000042,B00022,2022-04-12,51,77568.79,0,0.3433,C,0.327,not_contacted,2022-07-12,0
A000435,B00219,2022-04-15,60,46227.78,0,0.6063,C,0.097,contacted,2022-07-15,0
A000046,B00023,2022-04-16,56,46078.7,0,0.4949,C,0.5,not_contacted,2022-07-16,0
A000316,B00157,2022-04-16,66,30604.88,0,0.5222,C,0.388,contacted,2022-07-16,0
A000080,B00043,2022-04-18,66,39704.05,0,0.4868,D,0.567,contacted,2022-07-18,0
A000358,B00177,2022-04-18,77,28553.61,0,0.3727,C,0.624,contacted,2022-07-18,1
A000549,B00272,2022-04-19,56,48419.09,0,0.2207,B,,contacted,2022-07-19,0
A000671,B00336,2022-04-20,64,32567.48,0,0.4236,C,0.401,not_contacted,2022-07-20,0
A000694,B00348,2022-04-21,45,32619.25,0,0.4391,C,0.456,not_contacted,2022-07-21,0
A000773,B00387,2022-04-21,29,76315.26,0,0.231,B,0.389,not_contacted,2022-07-21,0
A000638,B00319,2022-04-22,33,72608.51,0,0.4083,C,0.278,contacted,2022-07-22,0
A000473,B00237,2022-04-23,73,56169.0,0,0.4199,C,,not_contacted,2022-07-23,0
A000719,B00360,2022-04-24,56,10952.97,0,0.3533,C,0.265,contacted,2022-07-24,0
A000335,B00166,2022-04-25,53,87147.41,0,0.2183,B,0.248,contacted,2022-07-25,1
A000026,B00012,2022-04-26,68,49027.23,0,0.4256,C,0.173,contacted,2022-07-26,1
A000651,B00326,2022-04-29,40,24386.45,0,0.2931,C,0.532,not_contacted,2022-07-29,0
A000087,B00047,2022-05-01,42,48388.54,0,0.316,C,0.838,contacted,2022-07-31,0
A000216,B00107,2022-05-06,38,43009.16,1,0.5491,D,0.869,contacted,2022-08-05,1
A000597,B00295,2022-05-06,58,37460.66,0,0.05,A,0.506,contacted,2022-08-05,1
A000380,B00186,2022-05-07,38,72980.02,0,0.3655,C,0.656,not_contacted,2022-08-06,0
A000654,B00328,2022-05-08,43,35663.28,0,0.2663,C,,contacted,2022-08-07,0
A000520,B00261,2022-05-10,74,30048.21,0,0.1483,A,0.529,not_contacted,2022-08-09,0
A000387,B00189,2022-05-11,43,64954.92,0,0.3705,B,0.837,not_contacted,2022-08-10,0
A000760,B00380,2022-05-12,49,46232.17,0,0.4353,C,0.414,contacted,2022-08-11,0
A000043,B00022,2022-05-13,51,77568.79,0,0.2105,C,0.428,not_contacted,2022-08-12,0
A000293,B00147,2022-05-15,26,21869.12,0,0.4241,B,0.724,not_contacted,2022-08-14,1
A000242,B00123,2022-05-18,33,39852.05,0,0.4002,B,0.676,not_contacted,2022-08-17,0
A000032,B00016,2022-05-19,47,67701.35,0,0.1041,B,0.448,not_contacted,2022-08-18,0
A000481,B00241,2022-05-23,29,20317.14,0,0.3226,B,0.58,not_contacted,2022-08-22,0
A000485,B00243,2022-05-29,32,50358.35,0,0.4783,D,0.429,not_contacted,2022-08-28,0
A000564,B00278,2022-05-30,33,33333.06,0,0.7483,D,0.388,not_contacted,2022-08-29,0
A000770,B00385,2022-05-30,22,38719.52,0,0.2005,A,0.33,not_contacted,2022-08-29,0
A000649,B00324,2022-06-01,40,41976.86,0,0.2721,C,0.374,not_contacted,2022-08-31,0
A000382,B00187,2022-06-02,41,30420.55,0,0.6277,C,0.431,not_contacted,2022-09-01,0
A000392,B00192,2022-06-02,26,31638.35,0,0.3083,B,0.659,not_contacted,2022-09-01,0
A000521,B00261,2022-06-02,74,30048.21,0,0.1249,B,,contacted,2022-09-01,0
A000115,B00060,2022-06-04,39,92332.57,0,0.5915,C,0.521,not_contacted,2022-09-03,0
A000096,B00052,2022-06-05,46,126798.72,0,0.3847,C,0.388,contacted,2022-09-04,0
A000171,B00085,2022-06-05,71,27608.59,0,0.3161,A,0.698,contacted,2022-09-04,0
A000529,B00264,2022-06-06,28,45146.09,0,0.05,A,0.351,not_contacted,2022-09-05,0
A000224,B00112,2022-06-08,71,56270.8,0,0.3596,B,0.35,not_contacted,2022-09-07,0
A000097,B00052,2022-06-09,46,126798.72,0,0.5112,B,0.343,not_contacted,2022-09-08,0
A000682,B00341,2022-06-09,39,78893.48,0,0.2446,B,0.558,contacted,2022-09-08,0
A000065,B00034,2022-06-10,49,74599.65,0,0.3247,B,0.309,contacted,2022-09-09,0
A000771,B00386,2022-06-10,33,64227.29,0,0.3459,C,0.575,not_contacted,2022-09-09,0
A000300,B00151,2022-06-11,53,54818.49,0,0.3191,B,0.285,not_contacted,2022-09-10,0
A000624,B00311,2022-06-12,53,36834.39,0,0.4516,C,0.404,not_contacted,2022-09-11,1
A000361,B00178,2022-06-13,71,48086.14,0,0.2042,B,0.668,contacted,2022-09-12,1
A000722,B00361,2022-06-14,58,31909.79,0,0.4471,B,0.425,not_contacted,2022-09-13,0
A000129,B00065,2022-06-15,73,45631.71,0,0.2252,B,0.444,not_contacted,2022-09-14,0
A000204,B00102,2022-06-16,24,60984.73,0,0.6104,C,0.563,contacted,2022-09-15,0
A000247,B00125,2022-06-16,77,67669.29,0,0.6533,C,0.606,not_contacted,2022-09-15,0
A000150,B00075,2022-06-17,26,61278.24,0,0.3751,B,0.465,not_contacted,2022-09-16,0
A000345,B00170,2022-06-19,77,29897.41,0,0.3253,B,0.312,not_contacted,2022-09-18,0
A000363,B00179,2022-06-23,20,77783.59,0,0.4502,C,0.513,not_contacted,2022-09-22,0
A000674,B00337,2022-06-24,47,77518.93,0,0.7098,C,0.032,contacted,2022-09-23,0
A000691,B00346,2022-06-29,75,38514.28,0,0.6301,C,0.566,not_contacted,2022-09-28,0
A000609,B00301,2022-06-30,56,54651.07,0,0.5007,C,0.404,not_contacted,2022-09-29,0
A000349,B00173,2022-07-01,63,64529.28,0,0.1673,B,0.315,not_contacted,2022-09-30,0
A000511,B00256,2022-07-01,69,41385.59,0,0.266,B,0.0,not_contacted,2022-09-30,0
A000665,B00333,2022-07-01,32,37850.64,0,0.5455,B,0.425,contacted,2022-09-30,0
A000499,B00250,2022-07-03,69,76317.46,0,0.6157,D,0.777,contacted,2022-10-02,0
A000469,B00234,2022-07-04,27,61536.08,0,0.5648,C,,not_contacted,2022-10-03,0
A000017,B00007,2022-07-05,68,27349.58,0,0.7584,C,0.486,not_contacted,2022-10-04,1
A000655,B00328,2022-07-05,43,35663.28,0,0.2645,B,,not_contacted,2022-10-04,1
A000166,B00083,2022-07-06,21,17902.75,0,0.6201,C,,contacted,2022-10-05,1
A000395,B00193,2022-07-06,68,54115.07,1,0.4356,D,0.214,contacted,2022-10-05,0
A000561,B00277,2022-07-06,69,145947.28,1,0.3095,C,0.127,not_contacted,2022-10-05,0
A000116,B00060,2022-07-07,39,92332.57,0,0.3511,B,0.563,contacted,2022-10-06,0
A000192,B00096,2022-07-08,65,32724.77,0,0.3659,C,0.641,not_contacted,2022-10-07,0
A000458,B00229,2022-07-09,37,29157.43,0,0.3965,B,0.439,not_contacted,2022-10-08,0
A000533,B00266,2022-07-10,77,37605.69,0,0.05,B,0.681,contacted,2022-10-09,0
A000641,B00320,2022-07-10,36,67145.01,0,0.1523,C,0.447,not_contacted,2022-10-09,0
A000761,B00381,2022-07-13,27,38997.73,0,0.2821,C,0.248,not_contacted,2022-10-12,0
A000608,B00300,2022-07-15,71,61073.1,0,0.6267,C,0.453,not_contacted,2022-10-14,0
A000178,B00089,2022-07-16,20,33742.04,0,0.05,B,0.724,not_contacted,2022-10-15,0
A000615,B00305,2022-07-17,32,30155.94,0,0.3573,C,0.51,contacted,2022-10-16,0
A000348,B00172,2022-07-18,51,95803.12,0,0.4245,C,0.481,not_contacted,2022-10-17,0
A000741,B00371,2022-07-21,28,62601.02,0,0.1296,A,0.469,not_contacted,2022-10-20,1
A000364,B00179,2022-07-24,20,77783.59,0,0.2748,C,,not_contacted,2022-10-23,0
A000509,B00255,2022-07-24,44,104777.72,0,0.5585,D,0.245,contacted,2022-10-23,0
A000280,B00141,2022-07-30,52,83205.08,1,0.5659,D,0.5,contacted,2022-10-29,1
A000454,B00227,2022-07-30,62,56366.64,0,0.1669,B,0.679,not_contacted,2022-10-29,0
A000119,B00061,2022-08-01,21,28859.16,0,0.4686,C,0.444,contacted,2022-10-31,0
A000567,B00280,2022-08-02,33,120181.6,0,0.4697,C,0.684,not_contacted,2022-11-01,0
A000623,B00310,2022-08-02,51,36850.58,0,0.2377,A,0.57,contacted,2022-11-01,0
A000645,B00322,2022-08-02,26,92607.38,0,0.2196,B,0.377,contacted,2022-11-01,0
A000662,B00332,2022-08-02,54,84319.69,0,0.4989,C,0.494,contacted,2022-11-01,0
A000038,B00019,2022-08-05,21,66508.1,0,0.2745,B,0.46,not_contacted,2022-11-04,1
A000108,B00056,2022-08-05,71,29653.22,0,0.3678,C,,contacted,2022-11-04,1
A000075,B00038,2022-08-08,74,82983.16,0,0.5033,C,0.08,not_contacted,2022-11-07,0
A000449,B00225,2022-08-08,55,38328.33,0,0.1795,B,0.207,contacted,2022-11-07,0
A000413,B00204,2022-08-10,31,36874.98,0,0.1652,B,0.451,contacted,2022-11-09,0
A000731,B00366,2022-08-11,63,56712.45,0,0.0958,C,0.734,not_contacted,2022-11-10,0
A000756,B00378,2022-08-12,21,43192.27,0,0.6079,D,0.423,contacted,2022-11-11,1
A000004,B00001,2022-08-13,64,49344.59,0,0.4815,D,0.482,not_contacted,2022-11-12,0
A000066,B00034,2022-08-15,49,74599.65,0,0.3891,C,0.683,not_contacted,2022-11-14,0
A000100,B00053,2022-08-15,36,46002.01,0,0.7139,C,0.934,contacted,2022-11-14,0
A000482,B00241,2022-08-18,29,20317.14,0,0.4417,B,0.152,contacted,2022-11-17,0
A000576,B00285,2022-08-19,48,28173.68,0,0.5726,C,0.847,not_contacted,2022-11-18,1
A000071,B00036,2022-08-20,35,28717.19,0,0.5027,D,0.496,not_contacted,2022-11-19,0
A000446,B00223,2022-08-20,64,36261.36,0,0.3391,C,,contacted,2022-11-19,0
A000332,B00165,2022-08-22,48,59262.58,0,0.3114,C,0.384,contacted,2022-11-21,0
A000431,B00216,2022-08-23,52,43397.58,0,0.3198,C,,not_contacted,2022-11-22,0
A000076,B00039,2022-08-24,61,61059.47,0,0.3429,B,0.659,contacted,2022-11-23,0
A000538,B00268,2022-08-24,29,65070.71,0,0.5404,D,0.125,contacted,2022-11-23,0
A000193,B00096,2022-08-25,65,32724.77,0,0.3357,B,0.604,not_contacted,2022-11-24,0
A000325,B00161,2022-08-26,33,60558.42,0,0.3925,C,0.572,contacted,2022-11-25,0
A000429,B00215,2022-08-26,28,53954.32,0,0.153,B,0.605,not_contacted,2022-11-25,0
A000555,B00275,2022-08-26,75,37792.86,0,0.5701,D,0.188,not_contacted,2022-11-25,1
A000245,B00124,2022-08-27,39,58965.1,0,0.4934,C,0.588,not_contacted,2022-11-26,0
A000531,B00265,2022-08-29,52,26918.45,0,0.2474,B,0.0,not_contacted,2022-11-28,0
A000774,B00387,2022-08-29,29,76315.26,0,0.3417,B,0.513,not_contacted,2022-11-28,0
A000776,B00388,2022-08-29,53,77354.04,0,0.6456,D,0.481,contacted,2022-11-28,0
A000632,B00316,2022-08-30,64,66504.74,0,0.6168,C,0.502,not_contacted,2022-11-29,0
A000185,B00092,2022-08-31,54,61374.43,0,0.2813,B,,not_contacted,2022-11-30,0
A000248,B00125,2022-08-31,77,67669.29,0,0.2634,C,1.0,not_contacted,2022-11-30,0
A000970,B00000,2023-02-01,44,58904.72,0,0.6012,D,0.506,contacted,2023-05-03,0
A000816,B00001,2023-02-02,67,35149.88,0,0.5106,C,0.429,contacted,2023-05-04,1
A000978,B00002,2023-02-02,27,57447.07,0,0.4305,C,0.504,contacted,2023-05-04,0
A000874,B00003,2023-02-03,22,51363.71,0,0.5913,C,0.414,not_contacted,2023-05-05,0
A000928,B00004,2023-02-03,57,34204.19,0,0.6089,C,0.248,not_contacted,2023-05-05,0
A000780,B00005,2023-02-04,34,28761.3,0,0.3813,B,0.472,not_contacted,2023-05-06,0
A000878,B00006,2023-02-05,40,56859.66,0,0.5221,B,0.732,not_contacted,2023-05-07,0
A001003,B00007,2023-02-05,39,59054.06,0,0.2233,B,0.686,not_contacted,2023-05-07,0
A000996,B00008,2023-02-06,59,39586.35,0,0.5369,C,0.395,contacted,2023-05-08,0
A000956,B00009,2023-02-07,57,20229.39,0,0.2939,B,0.425,not_contacted,2023-05-09,0
A000817,B00010,2023-02-08,47,14992.46,0,0.3479,C,,contacted,2023-05-10,0
A000894,B00011,2023-02-09,50,34832.81,0,0.116,B,0.505,contacted,2023-05-11,0
A000961,B00478,2023-02-09,51,52687.47,0,0.5954,C,0.668,not_contacted,2023-05-11,0
A000784,B00393,2023-02-11,65,42967.44,0,0.2783,B,0.779,not_contacted,2023-05-13,0
A000888,B00443,2023-02-11,57,65726.79,0,0.7427,C,0.704,not_contacted,2023-05-13,0
A000912,B00455,2023-02-11,70,34400.43,0,0.0528,A,0.542,not_contacted,2023-05-13,0
A000995,B00492,2023-02-11,26,35443.0,0,0.1103,B,0.283,contacted,2023-05-13,0
A000981,B00486,2023-02-13,40,33600.58,0,0.5702,D,0.716,not_contacted,2023-05-15,0
A001051,B00519,2023-02-15,35,39876.79,0,0.062,B,0.564,contacted,2023-05-17,1
A000964,B00479,2023-02-17,48,127536.72,0,0.3426,B,0.639,not_contacted,2023-05-19,0
A000843,B00421,2023-02-18,49,42618.99,0,0.1279,B,0.372,not_contacted,2023-05-20,0
A000881,B00439,2023-02-18,44,44588.82,0,0.7473,D,0.313,not_contacted,2023-05-20,0
A000810,B00405,2023-02-19,35,54728.68,0,0.5345,C,0.398,not_contacted,2023-05-21,0
A000811,B00405,2023-02-19,35,54728.68,0,0.2302,B,0.598,not_contacted,2023-05-21,0
A000939,B00468,2023-02-19,45,58804.5,0,0.4685,B,0.155,contacted,2023-05-21,0
A000967,B00480,2023-02-19,32,81856.85,0,0.3359,C,0.0,not_contacted,2023-05-21,0
A000943,B00470,2023-02-20,71,35425.8,0,0.1386,B,0.53,contacted,2023-05-22,0
A000787,B00395,2023-02-21,73,88425.1,0,0.4161,C,0.323,contacted,2023-05-23,0
A001039,B00514,2023-02-22,73,52409.21,0,0.2399,B,0.57,contacted,2023-05-24,0
A000984,B00487,2023-02-24,56,41191.37,0,0.4044,B,0.738,not_contacted,2023-05-26,0
A000826,B00413,2023-02-28,64,27357.81,0,0.4128,C,0.418,not_contacted,2023-05-30,0
A001036,B00513,2023-02-28,74,76650.04,0,0.101,B,0.547,not_contacted,2023-05-30,0
A001025,B00508,2023-03-02,52,49153.28,0,0.3318,B,0.144,contacted,2023-06-01,0
A000934,B00465,2023-03-04,24,82047.65,0,0.05,B,0.716,not_contacted,2023-06-03,0
A000788,B00395,2023-03-06,73,88425.1,0,0.4454,C,0.353,not_contacted,2023-06-05,0
A000931,B00464,2023-03-06,66,58902.02,0,0.1874,B,0.981,not_contacted,2023-06-05,0
A000920,B00459,2023-03-07,69,50521.64,0,0.7099,C,0.598,not_contacted,2023-06-06,0
A000796,B00399,2023-03-08,77,57310.91,0,0.1989,B,0.623,not_contacted,2023-06-07,0
A000852,B00424,2023-03-08,28,21219.83,0,0.4031,C,,not_contacted,2023-06-07,0
A000870,B00433,2023-03-08,49,84516.0,0,0.2829,B,0.33,not_contacted,2023-06-07,0
A000990,B00490,2023-03-08,70,50337.81,0,0.6165,C,0.443,contacted,2023-06-07,0
A000836,B00417,2023-03-09,47,61949.29,0,0.3534,B,0.583,not_contacted,2023-06-08,0
A000952,B00474,2023-03-10,42,49281.25,0,0.2385,B,0.577,not_contacted,2023-06-09,0
A000946,B00471,2023-03-14,46,102854.1,0,0.3833,C,0.476,not_contacted,2023-06-13,0
A000949,B00473,2023-03-14,50,57899.08,0,0.304,B,0.655,contacted,2023-06-13,0
A001013,B00502,2023-03-14,38,46757.99,0,0.1617,B,0.294,contacted,2023-06-13,0
A001009,B00500,2023-03-16,70,149423.46,0,0.2555,B,0.428,contacted,2023-06-15,0
A000925,B00461,2023-03-17,43,92359.92,0,0.3898,C,0.349,not_contacted,2023-06-16,0
A000896,B00448,2023-03-18,21,48105.02,0,0.4476,C,0.761,contacted,2023-06-17,1
A000899,B00449,2023-03-18,33,54767.17,0,0.2041,C,0.588,contacted,2023-06-17,0
A000965,B00479,2023-03-18,48,127536.72,0,0.3652,C,0.448,contacted,2023-06-17,0
A000909,B00453,2023-03-19,68,293957.43,0,0.4401,C,0.433,not_contacted,2023-06-18,1
A000799,B00400,2023-03-21,45,44684.87,0,0.4673,C,0.568,not_contacted,2023-06-20,0
A000833,B00416,2023-03-24,42,38721.2,0,0.3277,B,0.764,not_contacted,2023-06-23,0
A000929,B00463,2023-03-24,57,34204.19,0,0.3885,C,0.461,not_contacted,2023-06-23,0
A001033,B00512,2023-03-24,68,70881.42,0,0.2588,C,0.564,contacted,2023-06-23,1
A000897,B00448,2023-03-25,21,48105.02,1,0.5293,C,0.502,contacted,2023-06-24,0
A000818,B00410,2023-03-27,42,27946.58,0,0.3051,B,,not_contacted,2023-06-26,0
A000902,B00450,2023-03-27,63,54967.65,0,0.3055,C,0.481,not_contacted,2023-06-26,0
A000783,B00392,2023-03-29,42,48365.07,0,0.6349,C,0.225,not_contacted,2023-06-28,0
A000904,B00451,2023-03-29,41,53984.88,0,0.5343,C,0.407,contacted,2023-06-28,0
A001005,B00498,2023-03-29,39,24749.33,0,0.449,C,0.249,contacted,2023-06-28,0
A000823,B00412,2023-03-30,43,29738.14,0,0.2784,C,0.745,contacted,2023-06-29,0
A000921,B00459,2023-04-01,69,50521.64,0,0.6075,D,0.453,contacted,2023-07-01,0
A001045,B00517,2023-04-02,33,52216.42,0,0.435,C,0.305,not_contacted,2023-07-02,0
A000889,B00444,2023-04-03,75,39469.26,0,0.5811,C,0.404,not_contacted,2023-07-03,0
A000905,B00451,2023-04-03,41,53984.88,0,0.2987,B,0.318,contacted,2023-07-03,1
A000853,B00424,2023-04-04,28,21219.83,0,0.5536,C,,not_contacted,2023-07-04,0
A000944,B00470,2023-04-05,71,35425.8,0,0.6571,B,0.214,contacted,2023-07-05,0
A000971,B00481,2023-04-05,44,58904.72,0,0.1043,B,0.925,not_contacted,2023-07-05,0
A000805,B00403,2023-04-06,48,43858.8,0,0.7337,D,,not_contacted,2023-07-06,0
A000877,B00437,2023-04-07,73,28803.64,0,0.3329,B,0.235,contacted,2023-07-07,0
A001017,B00504,2023-04-07,78,18484.15,0,0.2511,B,0.458,not_contacted,2023-07-07,1
A001034,B00512,2023-04-07,68,70881.42,1,0.1747,C,0.191,not_contacted,2023-07-07,0
A000834,B00416,2023-04-08,42,38721.2,0,0.2542,B,0.427,contacted,2023-07-08,0
A000932,B00464,2023-04-08,66,58902.02,0,0.445,C,0.327,not_contacted,2023-07-08,0
A000973,B00482,2023-04-08,40,38114.22,0,0.3432,B,0.214,contacted,2023-07-08,0
A000992,B00491,2023-04-08,67,54472.54,0,0.2765,B,0.606,contacted,2023-07-08,1
A000849,B00423,2023-04-10,33,53938.24,0,0.1692,B,0.954,not_contacted,2023-07-10,0
A000875,B00436,2023-04-10,22,51363.71,0,0.0799,A,0.234,not_contacted,2023-07-10,0
A001035,B00512,2023-04-10,68,70881.42,1,0.357,D,0.785,not_contacted,2023-07-10,0
A000892,B00445,2023-04-11,20,49800.61,0,0.3607,B,0.739,not_contacted,2023-07-11,0
A000824,B00412,2023-04-12,43,29738.14,0,0.16,B,0.787,contacted,2023-07-12,0
A000976,B00483,2023-04-13,34,127840.3,0,0.4233,C,0.687,not_contacted,2023-07-13,0
A001044,B00516,2023-04-14,45,40710.34,0,0.5664,C,0.244,contacted,2023-07-14,1
A000879,B00438,2023-04-15,40,56859.66,0,0.1566,C,0.242,contacted,2023-07-15,0
A000985,B00487,2023-04-15,56,41191.37,0,0.089,B,0.485,not_contacted,2023-07-15,0
A000900,B00449,2023-04-16,33,54767.17,0,0.3821,B,0.505,not_contacted,2023-07-16,0
A000940,B00469,2023-04-16,29,61162.65,0,0.3559,C,0.859,contacted,2023-07-16,0
A000860,B00428,2023-04-17,66,82347.22,0,0.2366,B,0.829,not_contacted,2023-07-17,0
A000806,B00403,2023-04-18,48,43858.8,0,0.2268,B,0.659,not_contacted,2023-07-18,0
A000880,B00438,2023-04-18,40,56859.66,0,0.5883,C,0.425,contacted,2023-07-18,0
A000923,B00460,2023-04-18,47,36505.69,0,0.4045,B,0.576,not_contacted,2023-07-18,0
A000986,B00488,2023-04-18,44,42914.0,0,0.6712,C,0.428,not_contacted,2023-07-18,0
A000831,B00415,2023-04-19,66,93654.52,0,0.311,B,,not_contacted,2023-07-19,0
A000840,B00419,2023-04-19,57,68482.41,0,0.3151,C,0.634,contacted,2023-07-19,0
A000819,B00410,2023-04-20,42,27946.58,0,0.3127,C,0.604,contacted,2023-07-20,0
A000958,B00477,2023-04-20,64,33517.27,0,0.1725,B,0.299,not_contacted,2023-07-20,0
A000866,B00431,2023-04-23,71,22330.6,0,0.2342,B,0.418,not_contacted,2023-07-23,0
A000906,B00451,2023-04-24,41,53984.88,1,0.6338,D,0.631,not_contacted,2023-07-24,1
A000861,B00428,2023-04-25,66,82347.22,0,0.1288,B,0.314,contacted,2023-07-25,0
A000947,B00472,2023-04-25,36,29786.31,0,0.0684,C,,contacted,2023-07-25,0
A000974,B00482,2023-04-25,40,38114.22,0,0.5362,C,0.573,contacted,2023-07-25,1
A001040,B00514,2023-04-25,73,52409.21,0,0.2106,B,0.212,not_contacted,2023-07-25,0
A000933,B00464,2023-04-26,66,58902.02,0,0.7152,D,1.0,contacted,2023-07-26,1
A001006,B00499,2023-04-26,50,60644.32,0,0.3746,B,0.762,contacted,2023-07-26,0
A000812,B00406,2023-04-27,64,36989.37,0,0.0928,B,0.658,not_contacted,2023-07-27,0
A000827,B00413,2023-04-29,64,27357.81,0,0.6945,D,0.239,not_contacted,2023-07-29,1
A000855,B00425,2023-04-29,23,20246.35,0,0.2028,C,0.486,contacted,2023-07-29,0
A000930,B00463,2023-04-29,57,34204.19,0,0.6748,D,0.624,contacted,2023-07-29,0
A001052,B00519,2023-04-29,35,39876.79,1,0.7584,D,0.628,not_contacted,2023-07-29,1
A000991,B00490,2023-05-01,70,50337.81,0,0.4833,B,0.315,contacted,2023-07-31,0
A000841,B00419,2023-05-03,57,68482.41,0,0.3778,B,0.559,not_contacted,2023-08-02,0
A000957,B00476,2023-05-03,57,20229.39,0,0.2519,B,0.353,not_contacted,2023-08-02,0
A000781,B00391,2023-05-04,37,33370.2,0,0.2789,B,0.627,not_contacted,2023-08-03,0
A000926,B00461,2023-05-04,43,92359.92,0,0.6166,C,0.689,not_contacted,2023-08-03,0
A000998,B00494,2023-05-04,70,110318.71,0,0.1799,A,,contacted,2023-08-03,0
A001018,B00504,2023-05-04,78,18484.15,1,0.3937,D,0.496,contacted,2023-08-03,0
A001022,B00507,2023-05-04,31,22532.56,0,0.3022,B,,not_contacted,2023-08-03,0
A000915,B00456,2023-05-06,52,28351.7,0,0.7123,D,0.271,not_contacted,2023-08-05,0
A001023,B00507,2023-05-06,31,22532.56,0,0.9356,D,0.299,not_contacted,2023-08-05,1
A001030,B00511,2023-05-06,28,47925.57,0,0.2005,B,0.634,contacted,2023-08-05,0
A000993,B00491,2023-05-07,67,54472.54,1,0.0927,C,0.441,not_contacted,2023-08-06,0
A001016,B00503,2023-05-08,77,25905.68,0,0.1725,A,0.445,not_contacted,2023-08-07,0
A000828,B00413,2023-05-09,64,27357.81,1,0.5537,D,0.679,contacted,2023-08-08,0
A000924,B00460,2023-05-11,47,36505.69,0,0.5406,D,,not_contacted,2023-08-10,0
A000953,B00474,2023-05-12,42,49281.25,0,0.133,B,,contacted,2023-08-11,0
A000938,B00467,2023-05-13,60,74593.82,0,0.5595,C,0.678,contacted,2023-08-12,1
A000790,B00397,2023-05-14,23,42894.96,0,0.4546,B,0.458,contacted,2023-08-13,0
A000835,B00416,2023-05-15,42,38721.2,0,0.3614,C,0.597,not_contacted,2023-08-14,0
A000887,B00442,2023-05-15,43,28047.58,0,0.4027,B,0.546,not_contacted,2023-08-14,0
A000793,B00398,2023-05-18,72,19234.45,0,0.7414,D,0.362,not_contacted,2023-08-17,1
A000922,B00459,2023-05-18,69,50521.64,0,0.2818,C,0.861,not_contacted,2023-08-17,0
A001010,B00501,2023-05-21,20,84430.51,0,0.3472,C,,contacted,2023-08-20,0
A001028,B00509,2023-05-21,35,57224.43,0,0.3065,B,0.315,not_contacted,2023-08-20,0
A000864,B00430,2023-05-22,48,106262.57,0,0.176,A,0.458,not_contacted,2023-08-21,0
A000794,B00398,2023-05-24,72,19234.45,1,0.05,B,0.232,contacted,2023-08-23,0
A000856,B00425,2023-05-24,23,20246.35,0,0.3732,C,0.303,contacted,2023-08-23,1
A000882,B00439,2023-05-24,44,44588.82,0,0.3539,C,0.401,contacted,2023-08-23,0
A000786,B00394,2023-05-25,78,127200.97,0,0.6649,D,0.569,contacted,2023-08-24,0
A001021,B00506,2023-05-25,47,65109.49,0,0.7375,C,0.625,not_contacted,2023-08-24,0
A001048,B00518,2023-05-25,53,51826.34,0,0.4114,C,0.743,contacted,2023-08-24,0
A000885,B00441,2023-05-26,52,20490.49,0,0.5355,D,0.577,not_contacted,2023-08-25,0
A001014,B00502,2023-05-26,38,46757.99,0,0.0603,A,0.535,not_contacted,2023-08-25,0
A000854,B00424,2023-05-27,28,21219.83,0,0.2531,C,,not_contacted,2023-08-26,0
A001001,B00495,2023-05-27,69,47813.77,0,0.3431,B,0.652,not_contacted,2023-08-26,0
A000807,B00404,2023-05-28,38,42833.84,0,0.0957,A,0.575,not_contacted,2023-08-27,0
A000987,B00489,2023-05-28,26,34402.19,0,0.3275,A,0.212,contacted,2023-08-27,0
A001011,B00501,2023-05-30,20,84430.51,0,0.2327,B,0.341,contacted,2023-08-29,0
A001037,B00513,2023-05-30,74,76650.04,0,0.3863,C,0.316,not_contacted,2023-08-29,1
A000820,B00410,2023-06-01,42,27946.58,0,0.5624,C,0.684,contacted,2023-08-31,0
A000890,B00444,2023-06-01,75,39469.26,0,0.2109,B,0.578,not_contacted,2023-08-31,0
A000800,B00400,2023-06-02,45,44684.87,0,0.4773,C,0.6,not_contacted,2023-09-01,0
A000808,B00404,2023-06-03,38,42833.84,0,0.2801,B,0.718,contacted,2023-09-02,0
A000846,B00422,2023-06-03,49,85148.77,0,0.5111,C,0.714,not_contacted,2023-09-02,0
A000913,B00455,2023-06-03,70,34400.43,0,0.5198,C,0.604,not_contacted,2023-09-02,0
A000859,B00427,2023-06-04,44,56067.67,0,0.2178,B,0.767,contacted,2023-09-03,0
A000962,B00478,2023-06-04,51,52687.47,0,0.344,C,0.474,not_contacted,2023-09-03,0
A000950,B00473,2023-06-05,50,57899.08,0,0.7315,D,0.1,not_contacted,2023-09-04,0
A000955,B00475,2023-06-05,66,25396.84,0,0.4358,B,0.415,contacted,2023-09-04,1
A000895,B00447,2023-06-07,77,53210.42,0,0.3676,B,0.325,not_contacted,2023-09-06,0
A000871,B00434,2023-06-08,61,43630.27,0,0.2075,B,0.882,not_contacted,2023-09-07,0
A000979,B00484,2023-06-08,27,57447.07,0,0.3135,B,0.238,not_contacted,2023-09-07,0
A000883,B00439,2023-06-10,44,44588.82,0,0.1202,B,0.806,not_contacted,2023-09-09,0
A000963,B00478,2023-06-10,51,52687.47,0,0.4833,C,0.265,contacted,2023-09-09,0
A000999,B00494,2023-06-10,70,110318.71,0,0.2571,C,0.654,not_contacted,2023-09-09,0
A001026,B00508,2023-06-10,52,49153.28,0,0.135,C,0.785,contacted,2023-09-09,0
A000975,B00482,2023-06-11,40,38114.22,1,0.1624,C,0.759,contacted,2023-09-10,0
A000935,B00465,2023-06-12,24,82047.65,0,0.0802,C,,not_contacted,2023-09-11,0
A001027,B00508,2023-06-12,52,49153.28,0,0.3814,C,0.412,contacted,2023-09-11,0
A000814,B00407,2023-06-13,22,32733.56,0,0.2426,B,0.436,contacted,2023-09-12,0
A000825,B00412,2023-06-14,43,29738.14,0,0.2674,B,0.402,not_contacted,2023-09-13,0
A000782,B00391,2023-06-16,37,33370.2,0,0.1144,B,0.574,not_contacted,2023-09-15,0
A000837,B00417,2023-06-16,47,61949.29,0,0.465,C,,contacted,2023-09-15,0
A000907,B00452,2023-06-16,40,22558.84,0,0.6441,C,0.699,contacted,2023-09-15,0
A000911,B00454,2023-06-16,75,55149.72,0,0.0952,B,0.584,contacted,2023-09-15,0
A000927,B00462,2023-06-18,53,45582.68,0,0.2273,B,0.9,contacted,2023-09-17,0
A000977,B00483,2023-06-19,34,127840.3,0,0.5419,C,,not_contacted,2023-09-18,0
A001038,B00513,2023-06-19,74,76650.04,1,0.7266,D,1.0,contacted,2023-09-18,1
A000968,B00480,2023-06-20,32,81856.85,0,0.5732,C,0.595,not_contacted,2023-09-19,0
A001000,B00494,2023-06-20,70,110318.71,0,0.1307,B,0.955,contacted,2023-09-19,0
A000797,B00399,2023-06-21,77,57310.91,0,0.4299,C,0.831,contacted,2023-09-20,1
A000844,B00421,2023-06-21,49,42618.99,0,0.6518,C,0.672,contacted,2023-09-20,0
A000945,B00470,2023-06-22,71,35425.8,0,0.3085,B,0.655,contacted,2023-09-21,0
A001029,B00510,2023-06-22,78,61937.23,0,0.3594,C,0.717,contacted,2023-09-21,0
A001049,B00518,2023-06-22,53,51826.34,0,0.5622,C,0.491,contacted,2023-09-21,0
A000815,B00407,2023-06-24,22,32733.56,0,0.1264,B,0.428,contacted,2023-09-23,0
A000916,B00456,2023-06-24,52,28351.7,0,0.4881,C,0.558,not_contacted,2023-09-23,0
A000969,B00480,2023-06-24,32,81856.85,0,0.622,C,0.179,contacted,2023-09-23,0
A000988,B00489,2023-06-24,26,34402.19,0,0.4122,C,0.465,contacted,2023-09-23,0
A000803,B00402,2023-06-25,41,84646.13,0,0.1886,A,0.055,contacted,2023-09-24,0
A000959,B00477,2023-06-27,64,33517.27,0,0.1756,B,0.358,contacted,2023-09-26,0
A001041,B00515,2023-06-27,71,88220.29,0,0.49,D,0.469,not_contacted,2023-09-26,0
A000972,B00481,2023-06-28,44,58904.72,0,0.3358,C,0.26,not_contacted,2023-09-27,0
A001007,B00499,2023-06-29,50,60644.32,0,0.6242,C,,not_contacted,2023-09-28,0
A001050,B00518,2023-06-29,53,51826.34,0,0.2525,B,0.24,not_contacted,2023-09-28,0
A001020,B00505,2023-06-30,31,73602.1,0,0.487,C,0.495,not_contacted,2023-09-29,0
A000865,B00430,2023-07-02,48,106262.57,0,0.3835,B,0.689,not_contacted,2023-10-01,0
A000917,B00456,2023-07-02,52,28351.7,0,0.1328,B,0.514,not_contacted,2023-10-01,0
A001046,B00517,2023-07-02,33,52216.42,0,0.1057,B,0.17,contacted,2023-10-01,0
A000802,B00401,2023-07-03,34,76358.08,0,0.5579,D,0.551,contacted,2023-10-02,0
A001012,B00501,2023-07-04,20,84430.51,0,0.415,C,0.275,not_contacted,2023-10-03,0
A001015,B00502,2023-07-05,38,46757.99,0,0.2364,C,0.273,not_contacted,2023-10-04,0
A000872,B00435,2023-07-07,61,47339.1,0,0.3845,B,0.407,contacted,2023-10-06,0
A000884,B00440,2023-07-07,73,29783.7,0,0.6005,B,0.491,contacted,2023-10-06,0
A001031,B00511,2023-07-07,28,47925.57,0,0.45,B,0.275,not_contacted,2023-10-06,0
A000813,B00406,2023-07-08,64,36989.37,0,0.4545,C,0.513,contacted,2023-10-07,0
A000886,B00441,2023-07-08,52,20490.49,0,0.4943,C,0.447,not_contacted,2023-10-07,0
A000941,B00469,2023-07-08,29,61162.65,0,0.2563,C,0.69,not_contacted,2023-10-07,0
A000804,B00402,2023-07-09,41,84646.13,0,0.1851,B,0.285,not_contacted,2023-10-08,0
A000842,B00420,2023-07-09,47,47436.11,0,0.3106,B,0.029,contacted,2023-10-08,0
A000850,B00423,2023-07-10,33,53938.24,0,0.3727,B,0.095,not_contacted,2023-10-09,0
A000838,B00418,2023-07-11,51,113459.48,0,0.222,B,0.455,contacted,2023-10-10,0
A001019,B00504,2023-07-11,78,18484.15,1,0.3244,D,0.934,contacted,2023-10-10,0
A000809,B00404,2023-07-13,38,42833.84,0,0.3152,B,,contacted,2023-10-12,0
A000821,B00411,2023-07-13,46,80987.4,0,0.6732,C,,not_contacted,2023-10-12,0
A000863,B00429,2023-07-14,42,78943.99,0,0.2828,C,0.189,not_contacted,2023-10-13,0
A000829,B00414,2023-07-15,70,88109.68,0,0.1058,B,0.459,contacted,2023-10-14,0
A000876,B00436,2023-07-15,22,51363.71,0,0.301,C,0.519,not_contacted,2023-10-14,0
A000869,B00432,2023-07-16,35,77911.15,0,0.4781,C,0.547,not_contacted,2023-10-15,0
A000891,B00444,2023-07-16,75,39469.26,0,0.4042,B,0.429,not_contacted,2023-10-15,0
A000839,B00418,2023-07-17,51,113459.48,0,0.3596,C,0.356,not_contacted,2023-10-16,0
A000980,B00485,2023-07-17,60,134397.03,0,0.4051,C,0.706,contacted,2023-10-16,0
A000785,B00393,2023-07-18,65,42967.44,0,0.2875,C,0.474,not_contacted,2023-10-17,0
A000867,B00431,2023-07-18,71,22330.6,0,0.3053,C,0.936,not_contacted,2023-10-17,0
A000901,B00449,2023-07-18,33,54767.17,0,0.05,A,,not_contacted,2023-10-17,0
A000982,B00486,2023-07-18,40,33600.58,0,0.2626,B,0.363,contacted,2023-10-17,0
A001002,B00495,2023-07-18,69,47813.77,0,0.4197,B,0.488,not_contacted,2023-10-17,0
A000893,B00445,2023-07-21,20,49800.61,0,0.457,B,0.587,contacted,2023-10-20,0
A000960,B00477,2023-07-21,64,33517.27,0,0.3603,C,0.708,not_contacted,2023-10-20,0
A000791,B00397,2023-07-22,23,42894.96,0,0.8369,D,0.408,not_contacted,2023-10-21,0
A000903,B00450,2023-07-22,63,54967.65,0,0.2317,A,0.873,not_contacted,2023-10-21,0
A000918,B00457,2023-07-22,56,74919.89,0,0.295,B,1.0,not_contacted,2023-10-21,0
A000983,B00486,2023-07-24,40,33600.58,0,0.1246,B,0.387,not_contacted,2023-10-23,0
A000847,B00422,2023-07-25,49,85148.77,0,0.2351,B,0.546,not_contacted,2023-10-24,0
A000845,B00421,2023-07-31,49,42618.99,0,0.3563,C,0.827,contacted,2023-10-30,0
A000862,B00428,2023-08-02,66,82347.22,0,0.3892,C,0.434,contacted,2023-11-01,0
A000857,B00426,2023-08-03,73,37868.82,0,0.4443,B,0.334,not_contacted,2023-11-02,0
A000936,B00466,2023-08-03,46,28438.07,0,0.4392,C,0.486,not_contacted,2023-11-02,0
A000948,B00472,2023-08-03,36,29786.31,0,0.5815,D,0.836,contacted,2023-11-02,0
A000919,B00458,2023-08-04,37,73290.15,0,0.867,D,0.24,contacted,2023-11-03,0
A000914,B00455,2023-08-07,70,34400.43,0,0.4648,C,0.526,contacted,2023-11-06,0
A000966,B00479,2023-08-07,48,127536.72,0,0.3427,C,0.774,contacted,2023-11-06,0
A001008,B00499,2023-08-07,50,60644.32,0,0.26,B,0.136,contacted,2023-11-06,0
A001024,B00507,2023-08-07,31,22532.56,1,0.366,D,,not_contacted,2023-11-06,1
A000937,B00466,2023-08-10,46,28438.07,0,0.4047,C,0.547,not_contacted,2023-11-09,0
A000942,B00469,2023-08-10,29,61162.65,0,0.3852,C,0.729,not_contacted,2023-11-09,0
A001004,B00497,2023-08-10,78,81978.72,0,0.0777,B,0.891,contacted,2023-11-09,0
A000792,B00397,2023-08-11,23,42894.96,0,0.2613,B,0.28,not_contacted,2023-11-10,0
A001042,B00515,2023-08-11,71,88220.29,0,0.2789,B,0.15,not_contacted,2023-11-10,0
A000830,B00414,2023-08-12,70,88109.68,0,0.4397,C,0.645,not_contacted,2023-11-11,0
A000997,B00493,2023-08-12,59,39586.35,0,0.6961,D,0.244,contacted,2023-11-11,1
A001032,B00511,2023-08-13,28,47925.57,0,0.2485,B,0.563,not_contacted,2023-11-12,0
A000801,B00400,2023-08-14,45,44684.87,0,0.7126,D,0.575,not_contacted,2023-11-13,0
A000798,B00399,2023-08-15,77,57310.91,1,0.4244,D,0.268,not_contacted,2023-11-14,0
A000868,B00431,2023-08-15,71,22330.6,0,0.8194,D,0.396,not_contacted,2023-11-14,0
A000910,B00453,2023-08-15,68,293957.43,1,0.7301,D,,not_contacted,2023-11-14,0
A001047,B00517,2023-08-15,33,52216.42,0,0.2966,C,0.74,not_contacted,2023-11-14,0
A000954,B00474,2023-08-18,42,49281.25,0,0.1986,B,0.738,contacted,2023-11-17,1
A000795,B00398,2023-08-19,72,19234.45,1,0.1482,C,0.426,contacted,2023-11-18,0
A000832,B00415,2023-08-19,66,93654.52,0,0.4789,C,0.394,not_contacted,2023-11-18,0
A000951,B00473,2023-08-19,50,57899.08,0,0.4568,C,0.715,contacted,2023-11-18,0
A000848,B00422,2023-08-21,49,85148.77,0,0.7223,D,0.49,contacted,2023-11-20,0
A000873,B00435,2023-08-21,61,47339.1,0,0.6467,C,0.225,not_contacted,2023-11-20,0
A000898,B00448,2023-08-21,21,48105.02,1,0.5183,D,0.826,not_contacted,2023-11-20,0
A000789,B00396,2023-08-25,44,81578.53,0,0.5275,B,0.481,not_contacted,2023-11-24,0
A000851,B00423,2023-08-25,33,53938.24,0,0.6786,D,0.208,not_contacted,2023-11-24,0
A000858,B00426,2023-08-25,73,37868.82,0,0.2294,A,0.602,contacted,2023-11-24,1
A000822,B00411,2023-08-26,46,80987.4,0,0.0952,B,0.182,not_contacted,2023-11-25,0
A000989,B00489,2023-08-26,26,34402.19,0,0.4804,C,0.803,not_contacted,2023-11-25,0
A000994,B00491,2023-08-27,67,54472.54,1,0.2727,C,0.16,not_contacted,2023-11-26,0
A001043,B00515,2023-08-29,71,88220.29,0,0.3259,B,0.679,not_contacted,2023-11-28,0
A000908,B00452,2023-08-30,40,22558.84,0,0.4825,C,0.608,not_contacted,2023-11-29,0
