encounter_id,patient_id,prediction_time,age,prior_admits_180d,comorbidity_score,length_of_stay_days,discharge_acuity,last_hemoglobin,thirty_day_followup_status,followup_recorded_at,readmitted_30d
E000621,P00302,2021-01-01,87,1,0,13,low,12.31,no_readmission,2021-02-01,0
E000648,P00316,2021-01-01,31,2,1,13,low,12.35,no_readmission,2021-02-01,0
E000029,P00019,2021-01-02,44,2,0,9,moderate,10.86,no_readmission,2021-02-02,0
E000656,P00319,2021-01-02,33,2,0,2,low,12.58,no_readmission,2021-02-02,0
E000377,P00182,2021-01-03,71,1,1,14,moderate,14.01,no_readmission,2021-02-03,0
E000219,P00107,2021-01-04,27,0,1,2,moderate,12.43,no_readmission,2021-02-04,0
E000511,P00248,2021-01-04,74,2,0,10,low,14.6,no_readmission,2021-02-04,0
E000551,P00268,2021-01-05,32,2,1,14,low,13.45,no_readmission,2021-02-05,0
E000470,P00226,2021-01-06,88,0,0,10,moderate,14.29,no_readmission,2021-02-06,0
E000559,P00273,2021-01-06,46,1,2,9,moderate,10.69,no_readmission,2021-02-06,0
E000634,P00309,2021-01-08,78,0,1,7,low,,no_readmission,2021-02-08,0
E000217,P00106,2021-01-09,48,1,0,15,moderate,14.44,no_readmission,2021-02-09,0
E000615,P00300,2021-01-09,48,2,2,13,low,,no_readmission,2021-02-09,0
E000214,P00104,2021-01-10,46,1,0,12,low,16.45,no_readmission,2021-02-10,0
E000138,P00067,2021-01-11,84,0,0,8,moderate,11.84,no_readmission,2021-02-11,0
E000616,P00300,2021-01-16,48,2,2,2,moderate,14.62,no_readmission,2021-02-16,0
E000244,P00119,2021-01-17,52,1,1,12,high,12.52,readmitted,2021-02-17,1
E000499,P00242,2021-01-18,75,2,0,1,low,,no_readmission,2021-02-18,0
E000651,P00317,2021-01-18,29,2,0,6,low,11.72,no_readmission,2021-02-18,0
E000370,P00179,2021-01-20,61,2,3,6,moderate,,no_readmission,2021-02-20,0
E000453,P00218,2021-01-20,88,2,0,5,low,11.93,no_readmission,2021-02-20,0
E000523,P00254,2021-01-20,41,2,2,1,moderate,13.78,no_readmission,2021-02-20,0
E000259,P00126,2021-01-21,57,2,1,10,low,13.03,no_readmission,2021-02-21,0
E000265,P00128,2021-01-22,22,2,0,7,moderate,12.92,no_readmission,2021-02-22,0
E000322,P00154,2021-01-22,35,2,1,1,low,13.64,no_readmission,2021-02-22,0
E000154,P00075,2021-01-23,49,1,0,5,moderate,15.8,no_readmission,2021-02-23,0
E000410,P00196,2021-01-25,75,1,5,9,low,11.63,no_readmission,2021-02-25,0
E000562,P00275,2021-01-25,24,2,1,4,low,14.54,no_readmission,2021-02-25,0
E000631,P00307,2021-01-27,51,1,0,1,low,15.19,no_readmission,2021-02-27,0
E000290,P00137,2021-01-28,50,1,1,9,high,15.8,no_readmission,2021-02-28,0
E000416,P00201,2021-01-28,52,2,0,7,moderate,12.48,no_readmission,2021-02-28,0
E000344,P00167,2021-01-29,44,0,0,11,moderate,13.43,no_readmission,2021-03-01,0
E000609,P00297,2021-01-29,41,1,0,3,moderate,15.08,no_readmission,2021-03-01,0
E000034,P00021,2021-01-30,55,2,4,8,low,11.18,no_readmission,2021-03-02,0
E000299,P00141,2021-02-01,53,0,5,15,low,12.69,no_readmission,2021-03-04,0
E000434,P00210,2021-02-01,63,2,0,6,moderate,11.05,no_readmission,2021-03-04,0
E000123,P00060,2021-02-02,63,2,0,4,low,15.21,no_readmission,2021-03-05,0
E000151,P00074,2021-02-02,26,2,0,15,low,14.01,no_readmission,2021-03-05,0
E000205,P00100,2021-02-04,24,2,1,6,moderate,12.63,no_readmission,2021-03-07,0
E000108,P00053,2021-02-05,48,1,0,11,moderate,13.06,no_readmission,2021-03-08,0
E000435,P00210,2021-02-05,63,2,0,8,low,14.09,no_readmission,2021-03-08,0
E000540,P00263,2021-02-09,58,1,0,7,moderate,12.69,no_readmission,2021-03-12,0
E000695,P00340,2021-02-10,52,2,0,11,moderate,14.96,no_readmission,2021-03-13,0
E000260,P00126,2021-02-11,57,2,1,10,high,14.05,no_readmission,2021-03-14,0
E000179,P00088,2021-02-12,29,1,0,11,low,,no_readmission,2021-03-15,0
E000393,P00189,2021-02-14,68,2,0,2,moderate,11.72,no_readmission,2021-03-17,0
E000479,P00231,2021-02-14,88,0,1,12,moderate,,no_readmission,2021-03-17,0
E000568,P00277,2021-02-14,54,0,0,9,high,10.73,no_readmission,2021-03-17,0
E000667,P00323,2021-02-14,58,1,2,7,low,11.76,no_readmission,2021-03-17,0
E000503,P00244,2021-02-16,88,2,2,7,low,12.76,no_readmission,2021-03-19,0
E000023,P00014,2021-02-17,59,0,0,4,moderate,16.58,no_readmission,2021-03-20,0
E000273,P00131,2021-02-18,64,2,1,14,moderate,12.08,no_readmission,2021-03-21,0
E000342,P00165,2021-02-18,28,0,3,3,low,12.87,no_readmission,2021-03-21,0
E000367,P00178,2021-02-18,43,2,1,1,moderate,13.73,no_readmission,2021-03-21,0
E000415,P00200,2021-02-18,63,0,0,5,moderate,12.41,no_readmission,2021-03-21,0
E000472,P00228,2021-02-18,34,2,0,12,moderate,15.64,no_readmission,2021-03-21,0
E000129,P00062,2021-02-19,39,1,0,9,moderate,13.71,no_readmission,2021-03-22,0
E000552,P00268,2021-02-19,32,2,1,12,high,16.74,no_readmission,2021-03-22,0
E000529,P00258,2021-02-20,39,2,0,10,low,13.83,no_readmission,2021-03-23,0
E000464,P00223,2021-02-21,22,2,0,15,high,13.45,no_readmission,2021-03-24,0
E000703,P00344,2021-02-21,56,0,0,4,low,13.35,no_readmission,2021-03-24,0
E000488,P00236,2021-02-23,59,2,2,14,moderate,11.59,no_readmission,2021-03-26,0
E000535,P00260,2021-02-24,27,0,0,4,low,,no_readmission,2021-03-27,0
E000396,P00190,2021-02-25,81,2,0,10,low,14.29,no_readmission,2021-03-28,0
E000595,P00291,2021-02-25,53,1,0,8,low,14.63,no_readmission,2021-03-28,0
E000628,P00306,2021-02-25,34,2,1,8,moderate,11.89,no_readmission,2021-03-28,0
E000246,P00120,2021-02-27,68,0,2,11,low,14.79,no_readmission,2021-03-30,0
E000167,P00082,2021-02-28,87,2,1,15,moderate,11.51,no_readmission,2021-03-31,0
E000170,P00083,2021-02-28,75,0,1,2,low,11.55,no_readmission,2021-03-31,0
E000582,P00285,2021-03-02,65,1,3,1,moderate,12.5,no_readmission,2021-04-02,0
E000220,P00108,2021-03-06,33,2,1,8,moderate,14.04,no_readmission,2021-04-06,0
E000158,P00077,2021-03-07,29,1,3,2,low,15.88,no_readmission,2021-04-07,0
E000223,P00109,2021-03-08,31,2,1,10,moderate,15.16,no_readmission,2021-04-08,0
E000704,P00345,2021-03-09,52,1,0,15,moderate,13.63,no_readmission,2021-04-09,0
E000725,P00355,2021-03-10,38,0,0,8,low,12.7,no_readmission,2021-04-10,0
E000136,P00066,2021-03-11,64,1,2,6,moderate,12.69,no_readmission,2021-04-11,0
E000256,P00125,2021-03-12,85,2,1,14,moderate,,no_readmission,2021-04-12,0
E000363,P00176,2021-03-12,87,1,0,4,low,11.0,no_readmission,2021-04-12,0
E000603,P00295,2021-03-12,33,2,0,3,moderate,15.74,no_readmission,2021-04-12,0
E000071,P00036,2021-03-14,44,0,2,4,high,10.7,no_readmission,2021-04-14,0
E000447,P00215,2021-03-14,82,0,0,14,moderate,,no_readmission,2021-04-14,0
E000394,P00189,2021-03-15,68,2,0,10,low,,no_readmission,2021-04-15,0
E000491,P00237,2021-03-15,85,0,0,13,low,13.74,no_readmission,2021-04-15,0
E000282,P00134,2021-03-16,41,2,4,5,high,11.13,no_readmission,2021-04-16,0
E000086,P00042,2021-03-17,23,1,0,3,moderate,,no_readmission,2021-04-17,0
E000347,P00169,2021-03-17,51,1,0,12,moderate,11.77,no_readmission,2021-04-17,0
E000234,P00114,2021-03-18,41,2,0,13,moderate,,no_readmission,2021-04-18,0
E000124,P00060,2021-03-19,63,2,0,5,low,16.16,no_readmission,2021-04-19,0
E000504,P00244,2021-03-19,88,2,2,1,high,,no_readmission,2021-04-19,0
E000386,P00186,2021-03-20,81,2,0,1,low,11.62,no_readmission,2021-04-20,0
E000206,P00100,2021-03-24,24,2,1,9,moderate,12.72,no_readmission,2021-04-24,0
E000563,P00275,2021-03-24,24,2,1,9,low,14.37,no_readmission,2021-04-24,0
E000610,P00297,2021-03-24,41,1,0,8,moderate,13.99,no_readmission,2021-04-24,0
E000665,P00322,2021-03-26,70,1,0,13,low,15.53,no_readmission,2021-04-26,0
E000212,P00103,2021-03-27,50,1,1,1,moderate,13.06,no_readmission,2021-04-27,0
E000554,P00269,2021-03-27,59,0,0,7,moderate,12.58,no_readmission,2021-04-27,0
E000164,P00081,2021-03-29,37,2,1,7,moderate,11.46,no_readmission,2021-04-29,0
E000080,P00040,2021-03-30,62,2,0,7,moderate,13.38,no_readmission,2021-04-30,0
E000279,P00133,2021-03-30,70,2,1,8,moderate,13.52,readmitted,2021-04-30,1
E000427,P00207,2021-03-30,82,2,1,4,moderate,,readmitted,2021-04-30,1
E000373,P00180,2021-03-31,65,1,3,4,low,9.63,no_readmission,2021-05-01,0
E000437,P00211,2021-04-01,61,2,2,2,moderate,12.41,readmitted,2021-05-02,1
E000417,P00201,2021-04-02,52,2,0,9,moderate,14.9,no_readmission,2021-05-03,0
E000247,P00121,2021-04-03,33,1,0,9,moderate,13.13,no_readmission,2021-05-04,0
E000649,P00316,2021-04-03,31,2,1,8,low,13.53,no_readmission,2021-05-04,0
E000397,P00190,2021-04-04,81,2,0,3,low,13.0,no_readmission,2021-05-05,0
E000450,P00217,2021-04-04,23,2,0,15,moderate,13.83,no_readmission,2021-05-05,0
E000711,P00348,2021-04-04,38,2,0,12,moderate,14.67,no_readmission,2021-05-05,0
E000147,P00072,2021-04-05,58,0,2,8,low,13.92,no_readmission,2021-05-06,0
E000430,P00208,2021-04-05,45,1,0,7,moderate,12.05,no_readmission,2021-05-06,0
E000074,P00038,2021-04-07,41,2,0,10,low,15.27,no_readmission,2021-05-08,0
E000496,P00240,2021-04-07,51,0,0,12,low,13.16,no_readmission,2021-05-08,0
E000536,P00261,2021-04-08,50,2,2,1,high,11.24,no_readmission,2021-05-09,0
E000483,P00234,2021-04-09,29,1,2,2,low,11.75,no_readmission,2021-05-10,0
E000685,P00335,2021-04-10,31,1,0,14,low,15.9,no_readmission,2021-05-11,0
E000249,P00122,2021-04-12,24,1,2,7,low,10.76,no_readmission,2021-05-13,0
E000266,P00128,2021-04-12,22,2,0,15,low,13.46,no_readmission,2021-05-13,0
E000679,P00332,2021-04-12,41,0,0,15,moderate,15.88,no_readmission,2021-05-13,0
E000208,P00101,2021-04-13,78,0,0,7,low,11.73,no_readmission,2021-05-14,0
E000110,P00054,2021-04-14,76,1,0,10,moderate,14.98,no_readmission,2021-05-15,0
E000629,P00306,2021-04-14,34,2,1,11,moderate,8.7,no_readmission,2021-05-15,0
E000019,P00011,2021-04-15,32,1,0,5,moderate,13.55,no_readmission,2021-05-16,0
E000352,P00171,2021-04-15,29,2,5,10,moderate,9.69,no_readmission,2021-05-16,0
E000440,P00212,2021-04-16,27,1,0,8,low,10.96,readmitted,2021-05-17,1
E000699,P00342,2021-04-16,38,2,1,13,moderate,13.75,no_readmission,2021-05-17,0
E000111,P00054,2021-04-17,76,1,0,3,moderate,12.81,no_readmission,2021-05-18,0
E000671,P00325,2021-04-19,26,1,0,13,moderate,13.27,no_readmission,2021-05-20,0
E000045,P00025,2021-04-20,24,2,0,11,low,12.89,no_readmission,2021-05-21,0
E000094,P00046,2021-04-20,41,1,0,10,high,11.42,no_readmission,2021-05-21,0
E000101,P00049,2021-04-20,45,2,4,10,moderate,11.96,no_readmission,2021-05-21,0
E000028,P00018,2021-04-23,32,0,4,12,moderate,11.12,no_readmission,2021-05-24,0
E000705,P00345,2021-04-24,52,1,0,5,moderate,14.82,no_readmission,2021-05-25,0
E000152,P00074,2021-04-26,26,2,0,4,moderate,10.71,no_readmission,2021-05-27,0
E000268,P00129,2021-04-26,25,2,1,5,low,13.28,no_readmission,2021-05-27,0
E000295,P00139,2021-04-26,30,0,0,9,high,13.54,no_readmission,2021-05-27,0
E000700,P00342,2021-04-26,38,2,1,14,high,16.31,no_readmission,2021-05-27,0
E000001,P00000,2021-04-28,67,0,1,6,high,,no_readmission,2021-05-29,0
E000285,P00135,2021-04-28,23,2,1,14,moderate,13.86,no_readmission,2021-05-29,0
E000546,P00266,2021-04-28,87,2,2,1,low,,no_readmission,2021-05-29,0
E000196,P00096,2021-04-29,64,2,1,10,moderate,12.23,no_readmission,2021-05-30,0
E000364,P00176,2021-04-30,87,1,0,15,high,13.8,no_readmission,2021-05-31,0
E000633,P00308,2021-05-01,45,0,2,2,moderate,12.58,no_readmission,2021-06-01,0
E000066,P00034,2021-05-02,78,1,0,5,low,10.48,no_readmission,2021-06-02,0
E000592,P00290,2021-05-02,87,2,0,7,low,14.99,no_readmission,2021-06-02,0
E000382,P00184,2021-05-03,59,2,0,15,moderate,11.26,no_readmission,2021-06-03,0
E000025,P00016,2021-05-04,76,0,4,8,moderate,,readmitted,2021-06-04,1
E000465,P00223,2021-05-05,22,2,0,15,moderate,13.44,no_readmission,2021-06-05,0
E000526,P00255,2021-05-05,49,0,1,1,moderate,14.44,no_readmission,2021-06-05,0
E000591,P00289,2021-05-05,27,0,6,7,moderate,12.74,no_readmission,2021-06-05,0
E000547,P00266,2021-05-06,87,2,2,4,moderate,13.81,no_readmission,2021-06-06,0
E000096,P00047,2021-05-07,46,2,1,13,moderate,12.89,no_readmission,2021-06-07,0
E000539,P00262,2021-05-07,27,0,1,14,moderate,14.12,no_readmission,2021-06-07,0
E000262,P00127,2021-05-08,68,2,0,11,moderate,12.53,no_readmission,2021-06-08,0
E000343,P00166,2021-05-08,41,0,1,3,moderate,12.12,no_readmission,2021-06-08,0
E000708,P00347,2021-05-09,31,2,0,2,high,12.15,no_readmission,2021-06-09,0
E000371,P00179,2021-05-10,61,2,3,8,moderate,13.59,no_readmission,2021-06-10,0
E000055,P00030,2021-05-11,22,2,1,3,moderate,11.85,no_readmission,2021-06-11,0
E000625,P00305,2021-05-12,62,2,0,7,moderate,13.23,no_readmission,2021-06-12,0
E000042,P00024,2021-05-14,78,2,3,7,high,12.59,no_readmission,2021-06-14,0
E000578,P00283,2021-05-15,47,0,1,7,low,13.67,no_readmission,2021-06-15,0
E000674,P00327,2021-05-16,35,0,3,5,low,14.01,no_readmission,2021-06-16,0
E000614,P00299,2021-05-17,24,0,2,5,low,14.72,no_readmission,2021-06-17,0
E000077,P00039,2021-05-18,34,2,3,4,high,9.78,no_readmission,2021-06-18,0
E000575,P00281,2021-05-19,27,1,0,9,low,12.58,no_readmission,2021-06-19,0
E000117,P00057,2021-05-20,32,1,0,1,low,12.39,no_readmission,2021-06-20,0
E000561,P00274,2021-05-22,66,0,0,4,moderate,14.0,no_readmission,2021-06-22,0
E000622,P00302,2021-05-25,87,1,0,1,moderate,14.59,readmitted,2021-06-25,1
E000060,P00032,2021-05-26,42,2,0,3,low,14.32,no_readmission,2021-06-26,0
E000306,P00147,2021-05-27,40,2,0,3,moderate,15.88,no_readmission,2021-06-27,0
E000399,P00191,2021-05-27,84,2,2,4,moderate,14.02,no_readmission,2021-06-27,0
E000565,P00276,2021-05-28,51,2,0,10,low,12.46,no_readmission,2021-06-28,0
E000512,P00248,2021-05-29,74,2,0,1,moderate,14.4,no_readmission,2021-06-29,0
E000569,P00278,2021-05-29,29,2,2,6,moderate,13.1,no_readmission,2021-06-29,0
E000650,P00316,2021-05-29,31,2,1,3,moderate,,no_readmission,2021-06-29,0
E000240,P00116,2021-05-31,58,1,3,14,low,11.88,no_readmission,2021-07-01,0
E000438,P00211,2021-06-01,61,2,2,12,moderate,13.44,no_readmission,2021-07-02,0
E000468,P00225,2021-06-01,70,1,2,9,low,10.29,no_readmission,2021-07-02,0
E000046,P00025,2021-06-02,24,2,0,10,low,,no_readmission,2021-07-03,0
E000365,P00177,2021-06-02,58,1,0,13,moderate,14.3,no_readmission,2021-07-03,0
E000426,P00206,2021-06-02,52,0,1,3,high,11.14,no_readmission,2021-07-03,0
E000016,P00010,2021-06-09,64,2,0,10,high,14.5,no_readmission,2021-07-10,0
E000120,P00059,2021-06-09,69,2,1,3,low,12.62,no_readmission,2021-07-10,0
E000476,P00230,2021-06-09,49,2,0,4,low,16.35,no_readmission,2021-07-10,0
E000673,P00326,2021-06-09,52,0,1,6,moderate,12.88,no_readmission,2021-07-10,0
E000301,P00143,2021-06-11,74,0,0,3,moderate,14.92,no_readmission,2021-07-12,0
E000454,P00218,2021-06-12,88,2,0,7,low,11.32,no_readmission,2021-07-13,0
E000515,P00250,2021-06-14,88,2,0,8,moderate,13.56,no_readmission,2021-07-15,0
E000345,P00168,2021-06-15,22,1,1,1,moderate,14.22,no_readmission,2021-07-16,0
E000052,P00029,2021-06-16,49,2,1,7,moderate,14.9,no_readmission,2021-07-17,0
E000617,P00300,2021-06-16,48,2,2,8,moderate,11.81,no_readmission,2021-07-17,0
E000051,P00028,2021-06-17,22,0,1,12,low,12.19,no_readmission,2021-07-18,0
E000039,P00023,2021-06-19,26,2,4,12,moderate,10.66,no_readmission,2021-07-20,0
E000130,P00062,2021-06-19,39,1,0,9,low,13.28,no_readmission,2021-07-20,0
E000570,P00278,2021-06-19,29,2,2,1,high,12.98,no_readmission,2021-07-20,0
E000204,P00099,2021-06-20,87,0,2,6,low,13.77,no_readmission,2021-07-21,0
E000309,P00148,2021-06-20,40,2,1,9,low,,no_readmission,2021-07-21,0
E000126,P00061,2021-06-21,78,2,0,3,moderate,15.06,no_readmission,2021-07-22,0
E000269,P00129,2021-06-21,25,2,1,5,moderate,13.74,no_readmission,2021-07-22,0
E000008,P00006,2021-06-22,79,2,0,1,moderate,14.59,no_readmission,2021-07-23,0
E000013,P00008,2021-06-22,85,1,1,3,moderate,13.25,no_readmission,2021-07-23,0
E000058,P00031,2021-06-22,49,1,0,15,low,12.35,no_readmission,2021-07-23,0
E000081,P00040,2021-06-24,62,2,0,15,low,12.69,no_readmission,2021-07-25,0
E000720,P00352,2021-06-26,66,2,1,2,moderate,11.58,no_readmission,2021-07-27,0
E000237,P00115,2021-06-27,66,2,0,15,high,14.19,no_readmission,2021-07-28,0
E000335,P00162,2021-06-27,38,2,2,7,moderate,,no_readmission,2021-07-28,0
E000604,P00295,2021-06-27,33,2,0,11,moderate,10.58,no_readmission,2021-07-28,0
E000349,P00170,2021-06-28,46,2,2,6,low,12.42,no_readmission,2021-07-29,0
E000576,P00281,2021-06-28,27,1,0,4,low,10.51,no_readmission,2021-07-29,0
E000213,P00103,2021-06-29,50,1,1,7,low,10.42,no_readmission,2021-07-30,0
E000035,P00021,2021-06-30,55,2,4,12,low,11.67,no_readmission,2021-07-31,0
E000143,P00070,2021-06-30,31,2,0,13,low,13.32,no_readmission,2021-07-31,0
E000317,P00152,2021-06-30,81,2,1,7,high,12.08,no_readmission,2021-07-31,0
E000251,P00123,2021-07-02,33,1,0,2,moderate,13.29,no_readmission,2021-08-02,0
E000420,P00203,2021-07-02,43,1,5,13,high,,no_readmission,2021-08-02,0
E000643,P00313,2021-07-02,81,0,1,2,moderate,9.7,no_readmission,2021-08-02,0
E000637,P00311,2021-07-03,56,2,0,12,moderate,11.33,no_readmission,2021-08-03,0
E000009,P00006,2021-07-04,79,2,0,14,moderate,14.51,no_readmission,2021-08-04,0
E000233,P00113,2021-07-05,54,0,0,4,moderate,15.19,no_readmission,2021-08-05,0
E000379,P00183,2021-07-06,23,2,0,9,moderate,13.64,no_readmission,2021-08-06,0
E000659,P00320,2021-07-07,45,2,0,2,low,,no_readmission,2021-08-07,0
E000717,P00350,2021-07-07,35,1,0,6,low,,no_readmission,2021-08-07,0
E000514,P00249,2021-07-08,72,0,0,8,low,,no_readmission,2021-08-08,0
E000140,P00069,2021-07-09,70,2,2,15,moderate,10.48,no_readmission,2021-08-09,0
E000153,P00074,2021-07-09,26,2,0,4,moderate,13.46,no_readmission,2021-08-09,0
E000400,P00191,2021-07-09,84,2,2,11,moderate,13.21,readmitted,2021-08-09,1
E000414,P00199,2021-07-09,76,0,0,8,moderate,13.85,no_readmission,2021-08-09,0
E000469,P00225,2021-07-09,70,1,2,7,low,14.41,no_readmission,2021-08-09,0
E000053,P00029,2021-07-11,49,2,1,12,high,,no_readmission,2021-08-11,0
E000524,P00254,2021-07-11,41,2,2,2,low,12.83,no_readmission,2021-08-11,0
E000693,P00339,2021-07-11,77,1,2,7,low,,no_readmission,2021-08-11,0
E000719,P00351,2021-07-12,25,0,1,2,low,13.91,no_readmission,2021-08-12,0
E000241,P00116,2021-07-13,58,1,3,11,moderate,,no_readmission,2021-08-13,0
E000267,P00128,2021-07-13,22,2,0,6,moderate,11.27,no_readmission,2021-08-13,0
E000597,P00292,2021-07-14,57,2,3,13,low,14.34,no_readmission,2021-08-14,0
E000083,P00041,2021-07-15,67,2,0,4,moderate,,no_readmission,2021-08-15,0
E000493,P00239,2021-07-15,70,2,0,8,high,13.51,no_readmission,2021-08-15,0
E000652,P00317,2021-07-15,29,2,0,9,low,13.63,no_readmission,2021-08-15,0
E000156,P00076,2021-07-16,78,1,2,14,moderate,14.05,no_readmission,2021-08-16,0
E000432,P00209,2021-07-16,58,1,1,5,low,12.81,no_readmission,2021-08-16,0
E000078,P00039,2021-07-17,34,2,3,11,low,,no_readmission,2021-08-17,0
E000171,P00084,2021-07-18,38,1,0,15,moderate,13.81,no_readmission,2021-08-18,0
E000728,P00358,2021-07-18,39,0,0,6,low,15.21,no_readmission,2021-08-18,0
E000017,P00010,2021-07-19,64,2,0,6,low,13.29,no_readmission,2021-08-19,0
E000280,P00133,2021-07-19,70,2,1,10,moderate,13.83,no_readmission,2021-08-19,0
E000706,P00346,2021-07-20,42,1,0,8,low,14.38,no_readmission,2021-08-20,0
E000161,P00079,2021-07-23,72,0,0,14,moderate,15.54,no_readmission,2021-08-23,0
E000712,P00348,2021-07-23,38,2,0,4,moderate,15.44,no_readmission,2021-08-23,0
E000253,P00124,2021-07-26,41,2,1,3,moderate,14.86,no_readmission,2021-08-26,0
E000423,P00205,2021-07-26,26,2,1,13,moderate,12.67,no_readmission,2021-08-26,0
E000644,P00314,2021-07-26,30,1,3,1,moderate,13.49,no_readmission,2021-08-26,0
E000421,P00203,2021-07-27,43,1,5,4,high,12.3,no_readmission,2021-08-27,0
E000216,P00105,2021-07-28,82,0,0,10,moderate,14.04,no_readmission,2021-08-28,0
E000109,P00053,2021-07-29,48,1,0,4,low,13.03,no_readmission,2021-08-29,0
E000497,P00241,2021-07-29,71,1,0,11,low,10.8,no_readmission,2021-08-29,0
E000601,P00294,2021-07-29,58,1,1,3,moderate,12.88,no_readmission,2021-08-29,0
E000383,P00184,2021-07-30,59,2,0,9,low,14.85,no_readmission,2021-08-30,0
E000471,P00227,2021-07-30,87,0,1,9,moderate,14.89,no_readmission,2021-08-30,0
E000402,P00192,2021-07-31,59,1,5,5,moderate,10.02,no_readmission,2021-08-31,0
E000412,P00197,2021-08-01,84,0,1,2,moderate,10.36,no_readmission,2021-09-01,0
E000484,P00234,2021-08-04,29,1,2,11,moderate,14.0,no_readmission,2021-09-04,0
E000680,P00333,2021-08-05,32,2,1,12,high,9.63,no_readmission,2021-09-05,0
E000509,P00247,2021-08-06,26,1,2,8,high,11.96,no_readmission,2021-09-06,0
E000276,P00132,2021-08-07,73,2,0,10,moderate,14.56,no_readmission,2021-09-07,0
E000455,P00218,2021-08-08,88,2,0,13,moderate,15.55,no_readmission,2021-09-08,0
E000508,P00246,2021-08-08,65,0,0,10,moderate,15.59,no_readmission,2021-09-08,0
E000254,P00124,2021-08-10,41,2,1,10,moderate,11.15,no_readmission,2021-09-10,0
E000283,P00134,2021-08-13,41,2,4,3,moderate,12.17,no_readmission,2021-09-13,0
E000611,P00298,2021-08-16,31,2,2,3,moderate,15.17,no_readmission,2021-09-16,0
E000157,P00076,2021-08-19,78,1,2,12,moderate,13.52,no_readmission,2021-09-19,0
E000172,P00084,2021-08-19,38,1,0,14,low,14.51,no_readmission,2021-09-19,0
E000091,P00045,2021-08-20,76,2,0,3,moderate,12.76,no_readmission,2021-09-20,0
E000424,P00205,2021-08-21,26,2,1,7,moderate,13.39,no_readmission,2021-09-21,0
E000088,P00043,2021-08-23,26,0,0,14,moderate,13.34,no_readmission,2021-09-23,0
E000235,P00114,2021-08-23,41,2,0,2,high,,readmitted,2021-09-23,1
E000087,P00042,2021-08-24,23,1,0,7,moderate,13.94,no_readmission,2021-09-24,0
E000133,P00065,2021-08-24,26,2,0,1,moderate,14.7,no_readmission,2021-09-24,0
E000307,P00147,2021-08-24,40,2,0,4,high,12.98,no_readmission,2021-09-24,0
E000250,P00122,2021-08-25,24,1,2,1,moderate,12.4,no_readmission,2021-09-25,0
E000350,P00170,2021-08-27,46,2,2,12,high,13.73,no_readmission,2021-09-27,0
E000102,P00049,2021-08-28,45,2,4,10,moderate,10.91,no_readmission,2021-09-28,0
E000271,P00130,2021-08-28,37,1,0,2,moderate,,no_readmission,2021-09-28,0
E000079,P00039,2021-08-30,34,2,3,9,moderate,12.81,no_readmission,2021-09-30,0
E000252,P00123,2021-08-31,33,1,0,15,moderate,11.46,no_readmission,2021-10-01,0
E000721,P00352,2021-08-31,66,2,1,13,low,13.86,no_readmission,2021-10-01,0
E000193,P00095,2021-09-01,25,2,1,6,high,13.86,no_readmission,2021-10-02,0
E000274,P00131,2021-09-03,64,2,1,4,moderate,13.61,no_readmission,2021-10-04,0
E000513,P00248,2021-09-04,74,2,0,5,moderate,12.24,no_readmission,2021-10-05,0
E000020,P00011,2021-09-08,32,1,0,2,moderate,16.77,no_readmission,2021-10-09,0
E000092,P00045,2021-09-10,76,2,0,7,low,13.6,no_readmission,2021-10-11,0
E000572,P00279,2021-09-10,61,1,1,4,moderate,15.79,no_readmission,2021-10-11,0
E000448,P00216,2021-09-12,60,1,0,13,moderate,11.51,no_readmission,2021-10-13,0
E000360,P00175,2021-09-13,26,2,0,7,low,12.83,no_readmission,2021-10-14,0
E000586,P00287,2021-09-13,39,1,1,7,moderate,13.45,no_readmission,2021-10-14,0
E000063,P00033,2021-09-15,52,2,0,8,moderate,,no_readmission,2021-10-16,0
E000300,P00142,2021-09-15,23,0,0,5,low,12.41,no_readmission,2021-10-16,0
E000543,P00265,2021-09-15,36,2,1,15,high,,readmitted,2021-10-16,1
E000702,P00343,2021-09-15,40,0,1,2,moderate,13.42,no_readmission,2021-10-16,0
E000048,P00026,2021-09-17,78,0,2,2,moderate,,no_readmission,2021-10-18,0
E000451,P00217,2021-09-17,23,2,0,3,low,,no_readmission,2021-10-18,0
E000263,P00127,2021-09-18,68,2,0,10,moderate,15.23,no_readmission,2021-10-19,0
E000015,P00009,2021-09-19,38,0,3,11,moderate,13.38,no_readmission,2021-10-20,0
E000588,P00288,2021-09-19,54,2,1,3,moderate,11.8,no_readmission,2021-10-20,0
E000666,P00322,2021-09-19,70,1,0,8,moderate,13.92,no_readmission,2021-10-20,0
E000075,P00038,2021-09-20,41,2,0,8,low,12.36,no_readmission,2021-10-21,0
E000589,P00288,2021-09-21,54,2,1,12,low,11.89,no_readmission,2021-10-22,0
E000722,P00352,2021-09-21,66,2,1,9,low,13.0,no_readmission,2021-10-22,0
E000141,P00069,2021-09-23,70,2,2,5,high,13.5,no_readmission,2021-10-24,0
E000626,P00305,2021-09-23,62,2,0,6,low,,no_readmission,2021-10-24,0
E000646,P00315,2021-09-23,73,1,0,12,moderate,17.2,no_readmission,2021-10-24,0
E000461,P00222,2021-09-25,60,2,0,14,moderate,,no_readmission,2021-10-26,0
E000134,P00065,2021-09-26,26,2,0,5,high,,no_readmission,2021-10-27,0
E000521,P00253,2021-09-26,57,1,0,15,moderate,12.76,no_readmission,2021-10-27,0
E000408,P00195,2021-09-27,25,1,0,4,low,11.82,no_readmission,2021-10-28,0
E000564,P00275,2021-09-27,24,2,1,6,moderate,13.92,no_readmission,2021-10-28,0
E000492,P00238,2021-09-30,88,0,2,6,moderate,10.01,no_readmission,2021-10-31,0
E000542,P00264,2021-10-01,53,0,0,1,moderate,10.85,no_readmission,2021-11-01,0
E000142,P00069,2021-10-02,70,2,2,1,low,14.21,no_readmission,2021-11-02,0
E000026,P00017,2021-10-06,26,1,0,7,moderate,15.81,no_readmission,2021-11-06,0
E000516,P00250,2021-10-06,88,2,0,5,low,13.01,no_readmission,2021-11-06,0
E000537,P00261,2021-10-06,50,2,2,13,low,13.8,no_readmission,2021-11-06,0
E000555,P00270,2021-10-06,51,1,0,13,moderate,,no_readmission,2021-11-06,0
E000162,P00080,2021-10-08,26,1,0,3,low,,no_readmission,2021-11-08,0
E000375,P00181,2021-10-08,65,1,5,15,low,11.72,no_readmission,2021-11-08,0
E000618,P00301,2021-10-08,34,2,0,7,moderate,12.49,no_readmission,2021-11-08,0
E000010,P00006,2021-10-09,79,2,0,11,high,13.6,no_readmission,2021-11-09,0
E000460,P00221,2021-10-10,30,0,1,3,high,14.23,no_readmission,2021-11-10,0
E000485,P00235,2021-10-10,40,2,0,14,moderate,12.22,no_readmission,2021-11-10,0
E000713,P00348,2021-10-10,38,2,0,3,moderate,13.62,no_readmission,2021-11-10,0
E000061,P00032,2021-10-13,42,2,0,4,low,14.78,no_readmission,2021-11-13,0
E000207,P00100,2021-10-14,24,2,1,6,moderate,,no_readmission,2021-11-14,0
E000486,P00235,2021-10-14,40,2,0,10,low,14.64,no_readmission,2021-11-14,0
E000678,P00331,2021-10-14,23,0,1,10,low,14.32,no_readmission,2021-11-14,0
E000315,P00151,2021-10-15,78,1,1,5,low,13.02,no_readmission,2021-11-15,0
E000082,P00040,2021-10-18,62,2,0,15,moderate,13.02,no_readmission,2021-11-18,0
E000112,P00055,2021-10-18,47,2,0,2,high,15.3,no_readmission,2021-11-18,0
E000538,P00261,2021-10-20,50,2,2,2,low,10.82,no_readmission,2021-11-20,0
E000024,P00015,2021-10-21,77,0,0,14,moderate,12.96,no_readmission,2021-11-21,0
E000181,P00089,2021-10-22,50,1,0,4,moderate,15.83,no_readmission,2021-11-22,0
E000076,P00038,2021-10-25,41,2,0,11,low,15.06,no_readmission,2021-11-25,0
E000103,P00049,2021-10-26,45,2,4,13,low,12.73,no_readmission,2021-11-26,0
E000606,P00296,2021-10-26,40,2,0,9,low,12.48,no_readmission,2021-11-26,0
E000248,P00121,2021-10-27,33,1,0,4,low,12.87,no_readmission,2021-11-27,0
E000296,P00140,2021-10-28,46,2,1,2,low,13.56,no_readmission,2021-11-28,0
E000544,P00265,2021-10-30,36,2,1,5,moderate,12.99,no_readmission,2021-11-30,0
E000176,P00087,2021-11-02,66,2,0,10,moderate,11.51,no_readmission,2021-12-03,0
E000361,P00175,2021-11-02,26,2,0,2,high,12.36,no_readmission,2021-12-03,0
E000593,P00290,2021-11-04,87,2,0,5,moderate,14.13,no_readmission,2021-12-05,0
E000006,P00004,2021-11-05,61,0,2,8,moderate,12.47,no_readmission,2021-12-06,0
E000292,P00138,2021-11-06,76,2,1,5,moderate,13.11,no_readmission,2021-12-07,0
E000097,P00047,2021-11-09,46,2,1,3,low,13.29,no_readmission,2021-12-10,0
E000104,P00050,2021-11-09,45,0,2,7,moderate,12.87,no_readmission,2021-12-10,0
E000226,P00110,2021-11-09,88,0,2,5,high,12.6,no_readmission,2021-12-10,0
E000387,P00186,2021-11-10,81,2,0,13,moderate,,no_readmission,2021-12-11,0
E000304,P00146,2021-11-11,46,1,0,12,low,10.43,no_readmission,2021-12-12,0
E000312,P00149,2021-11-13,50,1,0,2,low,16.32,no_readmission,2021-12-14,0
E000230,P00112,2021-11-14,85,2,0,13,high,,no_readmission,2021-12-15,0
E000638,P00311,2021-11-14,56,2,0,14,moderate,13.22,no_readmission,2021-12-15,0
E000199,P00097,2021-11-16,74,1,0,11,low,15.81,no_readmission,2021-12-17,0
E000669,P00324,2021-11-16,68,1,2,3,moderate,13.95,no_readmission,2021-12-17,0
E000475,P00229,2021-11-17,41,0,0,9,low,14.2,no_readmission,2021-12-18,0
E000174,P00086,2021-11-20,84,1,0,9,moderate,11.44,no_readmission,2021-12-21,0
E000185,P00091,2021-11-20,63,2,5,6,low,13.88,no_readmission,2021-12-21,0
E000456,P00219,2021-11-20,63,0,3,1,high,11.87,no_readmission,2021-12-21,0
E000293,P00138,2021-11-21,76,2,1,12,low,12.6,no_readmission,2021-12-22,0
E000662,P00321,2021-11-21,63,2,1,5,low,12.24,no_readmission,2021-12-22,0
E000329,P00158,2021-11-22,84,1,1,10,high,12.71,no_readmission,2021-12-23,0
E000368,P00178,2021-11-22,43,2,1,1,moderate,13.21,no_readmission,2021-12-23,0
E000405,P00194,2021-11-22,43,2,0,7,moderate,15.43,no_readmission,2021-12-23,0
E000467,P00224,2021-11-22,33,0,0,12,moderate,,no_readmission,2021-12-23,0
E000587,P00287,2021-11-22,39,1,1,14,moderate,12.4,readmitted,2021-12-23,1
E000257,P00125,2021-11-27,85,2,1,6,low,,no_readmission,2021-12-28,0
E000462,P00222,2021-11-28,60,2,0,8,low,12.39,no_readmission,2021-12-29,0
E000346,P00168,2021-11-29,22,1,1,8,moderate,13.86,no_readmission,2021-12-30,0
E000436,P00210,2021-11-29,63,2,0,1,moderate,13.48,no_readmission,2021-12-30,0
E000098,P00047,2021-11-30,46,2,1,14,moderate,,no_readmission,2021-12-31,0
E000338,P00163,2021-11-30,37,1,0,5,moderate,12.93,no_readmission,2021-12-31,0
E000571,P00278,2021-11-30,29,2,2,11,moderate,,no_readmission,2021-12-31,0
E000624,P00304,2021-11-30,64,0,0,6,moderate,14.97,no_readmission,2021-12-31,0
E000291,P00137,2021-12-01,50,1,1,9,low,12.43,no_readmission,2022-01-01,0
E000602,P00294,2021-12-01,58,1,1,5,moderate,14.15,no_readmission,2022-01-01,0
E000224,P00109,2021-12-02,31,2,1,3,moderate,12.87,no_readmission,2022-01-02,0
E000398,P00190,2021-12-02,81,2,0,7,low,,no_readmission,2022-01-02,0
E000413,P00198,2021-12-02,81,0,0,3,moderate,12.82,no_readmission,2022-01-02,0
E000221,P00108,2021-12-04,33,2,1,5,moderate,12.94,readmitted,2022-01-04,1
E000127,P00061,2021-12-05,78,2,0,11,low,13.14,no_readmission,2022-01-05,0
E000201,P00098,2021-12-05,35,2,1,2,low,12.62,no_readmission,2022-01-05,0
E000040,P00023,2021-12-06,26,2,4,11,moderate,,readmitted,2022-01-06,1
E000132,P00064,2021-12-07,36,0,0,2,moderate,,no_readmission,2022-01-07,0
E000264,P00127,2021-12-09,68,2,0,12,low,15.16,no_readmission,2022-01-09,0
E000709,P00347,2021-12-09,31,2,0,12,moderate,11.23,no_readmission,2022-01-09,0
E000517,P00250,2021-12-10,88,2,0,4,low,,no_readmission,2022-01-10,0
E000466,P00223,2021-12-11,22,2,0,4,moderate,13.9,no_readmission,2022-01-11,0
E000177,P00087,2021-12-12,66,2,0,2,low,14.52,no_readmission,2022-01-12,0
E000362,P00175,2021-12-12,26,2,0,7,high,,no_readmission,2022-01-12,0
E000339,P00163,2021-12-14,37,1,0,11,high,14.43,readmitted,2022-01-14,1
E000596,P00291,2021-12-14,53,1,0,5,low,13.79,no_readmission,2022-01-14,0
E000663,P00321,2021-12-14,63,2,1,11,moderate,12.21,no_readmission,2022-01-14,0
E000724,P00354,2021-12-14,69,0,0,15,moderate,14.85,no_readmission,2022-01-14,0
E000037,P00022,2021-12-15,63,1,0,7,low,13.29,no_readmission,2022-01-15,0
E000146,P00071,2021-12-17,55,0,0,15,high,14.81,no_readmission,2022-01-17,0
E000372,P00179,2021-12-17,61,2,3,15,moderate,10.58,no_readmission,2022-01-17,0
E000640,P00312,2021-12-17,68,2,0,3,low,13.16,no_readmission,2022-01-17,0
E000314,P00150,2021-12-18,70,0,3,12,moderate,13.13,no_readmission,2022-01-18,0
E000579,P00284,2021-12-22,62,2,1,4,low,11.7,no_readmission,2022-01-22,0
E000197,P00096,2021-12-23,64,2,1,5,moderate,13.76,no_readmission,2022-01-23,0
E000530,P00258,2021-12-23,39,2,0,5,moderate,14.71,no_readmission,2022-01-23,0
E000188,P00092,2021-12-24,43,0,2,10,high,16.59,no_readmission,2022-01-24,0
E000323,P00154,2021-12-24,35,2,1,15,moderate,11.86,no_readmission,2022-01-24,0
E000005,P00003,2021-12-26,33,0,1,5,low,15.35,no_readmission,2022-01-26,0
E000135,P00065,2021-12-28,26,2,0,12,moderate,13.5,no_readmission,2022-01-28,0
E000380,P00183,2021-12-28,23,2,0,7,moderate,15.61,no_readmission,2022-01-28,0
E000227,P00111,2021-12-29,49,2,0,11,moderate,12.22,no_readmission,2022-01-29,0
E000481,P00233,2021-12-29,65,1,0,7,low,13.14,no_readmission,2022-01-29,0
E000494,P00239,2021-12-29,70,2,0,10,low,,no_readmission,2022-01-29,0
E000577,P00282,2021-12-30,78,0,0,11,low,10.07,no_readmission,2022-01-30,0
E000155,P00075,2021-12-31,49,1,0,14,moderate,,no_readmission,2022-01-31,0
E000452,P00217,2021-12-31,23,2,0,8,moderate,13.25,no_readmission,2022-01-31,0
E000566,P00276,2021-12-31,51,2,0,5,low,11.39,no_readmission,2022-01-31,0
E000064,P00033,2022-01-01,52,2,0,9,low,14.2,no_readmission,2022-02-01,0
E000385,P00185,2022-01-01,27,0,2,3,low,12.43,no_readmission,2022-02-01,0
E000310,P00148,2022-01-02,40,2,1,10,high,13.97,no_readmission,2022-02-02,0
E000190,P00094,2022-01-03,22,2,1,6,low,15.54,no_readmission,2022-02-03,0
E000690,P00338,2022-01-03,78,2,0,11,low,12.5,no_readmission,2022-02-03,0
E000113,P00055,2022-01-04,47,2,0,10,moderate,12.0,no_readmission,2022-02-04,0
E000308,P00147,2022-01-05,40,2,0,12,low,13.57,no_readmission,2022-02-05,0
E000645,P00314,2022-01-05,30,1,3,2,high,13.61,readmitted,2022-02-05,1
E000059,P00031,2022-01-07,49,1,0,3,moderate,12.99,no_readmission,2022-02-07,0
E000320,P00153,2022-01-07,51,1,1,15,low,12.79,no_readmission,2022-02-07,0
E000641,P00312,2022-01-08,68,2,0,3,low,13.96,no_readmission,2022-02-08,0
E000084,P00041,2022-01-09,67,2,0,1,high,14.2,no_readmission,2022-02-09,0
E000238,P00115,2022-01-09,66,2,0,10,moderate,12.74,readmitted,2022-02-09,1
E000442,P00213,2022-01-09,29,2,0,10,moderate,13.71,no_readmission,2022-02-09,0
E000495,P00239,2022-01-09,70,2,0,3,moderate,17.24,no_readmission,2022-02-09,0
E000696,P00340,2022-01-09,52,2,0,4,moderate,11.95,no_readmission,2022-02-09,0
E000313,P00149,2022-01-10,50,1,0,13,moderate,10.67,no_readmission,2022-02-10,0
E000286,P00135,2022-01-12,23,2,1,11,high,14.28,no_readmission,2022-02-12,0
E000612,P00298,2022-01-12,31,2,2,4,low,14.44,no_readmission,2022-02-12,0
E000168,P00082,2022-01-14,87,2,1,10,low,13.05,no_readmission,2022-02-14,0
E000340,P00164,2022-01-15,39,1,0,2,low,,no_readmission,2022-02-15,0
E000114,P00055,2022-01-16,47,2,0,13,moderate,11.09,no_readmission,2022-02-16,0
E000228,P00111,2022-01-18,49,2,0,15,moderate,12.3,no_readmission,2022-02-18,0
E000401,P00191,2022-01-18,84,2,2,15,low,14.26,no_readmission,2022-02-18,0
E000384,P00184,2022-01-20,59,2,0,7,moderate,13.73,no_readmission,2022-02-20,0
E000068,P00035,2022-01-21,50,2,1,9,moderate,12.56,no_readmission,2022-02-21,0
E000598,P00292,2022-01-21,57,2,3,4,moderate,13.93,no_readmission,2022-02-21,0
E000333,P00160,2022-01-22,82,0,0,10,low,,no_readmission,2022-02-22,0
E000378,P00182,2022-01-22,71,1,1,15,low,13.57,no_readmission,2022-02-22,0
E000553,P00268,2022-01-22,32,2,1,1,low,,no_readmission,2022-02-22,0
E000085,P00041,2022-01-23,67,2,0,9,low,13.43,no_readmission,2022-02-23,0
E000242,P00117,2022-01-23,87,0,1,2,moderate,12.97,no_readmission,2022-02-23,0
E000348,P00169,2022-01-23,51,1,0,2,moderate,15.68,no_readmission,2022-02-23,0
E000431,P00208,2022-01-23,45,1,0,5,moderate,,no_readmission,2022-02-23,0
E000261,P00126,2022-01-24,57,2,1,3,moderate,13.07,no_readmission,2022-02-24,0
E000032,P00020,2022-01-30,84,1,3,8,moderate,,no_readmission,2022-03-02,0
E000148,P00073,2022-01-30,64,2,1,12,moderate,14.85,no_readmission,2022-03-02,0
E000043,P00024,2022-02-01,78,2,3,15,moderate,14.08,readmitted,2022-03-04,1
E000044,P00024,2022-02-02,78,2,3,6,moderate,15.66,no_readmission,2022-03-05,0
E000245,P00119,2022-02-02,52,1,1,9,high,13.13,no_readmission,2022-03-05,0
E000710,P00347,2022-02-02,31,2,0,7,moderate,14.38,no_readmission,2022-03-05,0
E000532,P00259,2022-02-03,58,2,2,4,moderate,14.49,no_readmission,2022-03-06,0
E000418,P00201,2022-02-04,52,2,0,8,moderate,12.06,no_readmission,2022-03-07,0
E000573,P00279,2022-02-04,61,1,1,14,low,11.66,no_readmission,2022-03-07,0
E000635,P00310,2022-02-05,74,1,0,4,moderate,,no_readmission,2022-03-08,0
E000698,P00341,2022-02-06,67,0,0,9,high,14.91,no_readmission,2022-03-09,0
E000069,P00035,2022-02-07,50,2,1,3,moderate,,no_readmission,2022-03-10,0
E000392,P00188,2022-02-07,57,0,0,6,low,11.62,no_readmission,2022-03-10,0
E000558,P00272,2022-02-08,43,0,0,3,moderate,13.19,no_readmission,2022-03-11,0
E000231,P00112,2022-02-17,85,2,0,13,moderate,14.4,no_readmission,2022-03-20,0
E000727,P00357,2022-02-17,79,0,1,12,moderate,13.8,no_readmission,2022-03-20,0
E000089,P00044,2022-02-18,86,1,0,7,low,13.78,no_readmission,2022-03-21,0
E000353,P00171,2022-02-18,29,2,5,9,low,,no_readmission,2022-03-21,0
E000355,P00172,2022-02-18,78,2,1,10,low,13.63,no_readmission,2022-03-21,0
E000580,P00284,2022-02-18,62,2,1,1,low,11.22,no_readmission,2022-03-21,0
E000718,P00350,2022-02-18,35,1,0,3,moderate,12.25,no_readmission,2022-03-21,0
E000560,P00273,2022-02-19,46,1,2,11,moderate,13.42,no_readmission,2022-03-22,0
E000477,P00230,2022-02-20,49,2,0,3,moderate,13.0,no_readmission,2022-03-23,0
E000500,P00242,2022-02-20,75,2,0,10,moderate,13.02,no_readmission,2022-03-23,0
E000297,P00140,2022-02-21,46,2,1,4,low,13.39,no_readmission,2022-03-24,0
E000118,P00057,2022-02-22,32,1,0,7,moderate,13.78,no_readmission,2022-03-25,0
E000533,P00259,2022-02-22,58,2,2,13,low,9.64,no_readmission,2022-03-25,0
E000131,P00063,2022-02-23,74,0,0,15,moderate,14.68,no_readmission,2022-03-26,0
E000681,P00333,2022-02-23,32,2,1,14,low,13.75,readmitted,2022-03-26,1
E000701,P00342,2022-02-24,38,2,1,11,moderate,,no_readmission,2022-03-27,0
E000714,P00349,2022-02-24,71,2,1,10,low,15.27,no_readmission,2022-03-27,0
E000027,P00017,2022-02-27,26,1,0,9,high,12.7,no_readmission,2022-03-30,0
E000072,P00037,2022-02-28,82,1,0,10,low,14.64,no_readmission,2022-03-31,0
E000549,P00267,2022-03-01,86,1,3,3,high,14.37,no_readmission,2022-04-01,0
E000093,P00045,2022-03-02,76,2,0,3,low,,no_readmission,2022-04-02,0
E000144,P00070,2022-03-02,31,2,0,4,moderate,,no_readmission,2022-04-02,0
E000388,P00186,2022-03-03,81,2,0,4,moderate,,no_readmission,2022-04-03,0
E000584,P00286,2022-03-05,64,1,0,2,moderate,11.37,no_readmission,2022-04-05,0
E000041,P00023,2022-03-06,26,2,4,5,moderate,10.16,no_readmission,2022-04-06,0
E000657,P00319,2022-03-06,33,2,0,12,low,13.13,no_readmission,2022-04-06,0
E000726,P00356,2022-03-06,82,0,0,14,moderate,13.44,no_readmission,2022-04-06,0
E000321,P00153,2022-03-07,51,1,1,5,low,12.96,readmitted,2022-04-07,1
E000182,P00089,2022-03-10,50,1,0,5,high,13.18,no_readmission,2022-04-10,0
E000002,P00001,2022-03-11,86,1,1,10,low,,no_readmission,2022-04-11,0
E000316,P00151,2022-03-12,78,1,1,14,high,11.23,no_readmission,2022-04-12,0
E000376,P00181,2022-03-12,65,1,5,1,moderate,11.91,no_readmission,2022-04-12,0
E000389,P00187,2022-03-12,81,2,0,8,low,12.57,no_readmission,2022-04-12,0
E000654,P00318,2022-03-12,37,1,2,4,moderate,12.07,no_readmission,2022-04-12,0
E000406,P00194,2022-03-13,43,2,0,13,low,,no_readmission,2022-04-13,0
E000441,P00212,2022-03-13,27,1,0,11,low,,no_readmission,2022-04-13,0
E000443,P00213,2022-03-13,29,2,0,2,moderate,12.58,no_readmission,2022-04-13,0
E000284,P00134,2022-03-14,41,2,4,14,moderate,12.56,no_readmission,2022-04-14,0
E000334,P00161,2022-03-15,46,0,0,14,moderate,14.89,no_readmission,2022-04-15,0
E000038,P00022,2022-03-16,63,1,0,15,moderate,14.8,readmitted,2022-04-16,1
E000239,P00115,2022-03-16,66,2,0,11,low,,no_readmission,2022-04-16,0
E000642,P00312,2022-03-16,68,2,0,4,low,13.7,no_readmission,2022-04-16,0
E000632,P00307,2022-03-19,51,1,0,3,moderate,13.76,no_readmission,2022-04-19,0
E000178,P00087,2022-03-20,66,2,0,8,moderate,14.64,no_readmission,2022-04-20,0
E000209,P00102,2022-03-20,63,2,0,12,low,11.91,no_readmission,2022-04-20,0
E000139,P00068,2022-03-21,24,0,0,1,low,13.39,no_readmission,2022-04-21,0
E000099,P00048,2022-03-24,61,1,0,15,moderate,12.43,readmitted,2022-04-24,1
E000191,P00094,2022-03-25,22,2,1,3,moderate,14.52,no_readmission,2022-04-25,0
E000545,P00265,2022-03-26,36,2,1,13,low,11.68,no_readmission,2022-04-26,0
E000121,P00059,2022-03-28,69,2,1,1,low,13.39,no_readmission,2022-04-28,0
E000198,P00096,2022-03-29,64,2,1,3,low,10.79,no_readmission,2022-04-29,0
E000356,P00172,2022-03-30,78,2,1,9,low,12.39,no_readmission,2022-04-30,0
E000318,P00152,2022-03-31,81,2,1,5,moderate,11.69,no_readmission,2022-05-01,0
E000548,P00266,2022-03-31,87,2,2,14,moderate,11.44,no_readmission,2022-05-01,0
E000729,P00359,2022-03-31,85,0,0,6,moderate,14.08,no_readmission,2022-05-01,0
E000119,P00058,2022-04-01,84,0,0,11,low,11.66,no_readmission,2022-05-02,0
E000033,P00020,2022-04-02,84,1,3,8,moderate,11.5,no_readmission,2022-05-03,0
E000660,P00320,2022-04-03,45,2,0,5,moderate,12.61,no_readmission,2022-05-04,0
E000324,P00154,2022-04-04,35,2,1,2,low,13.37,no_readmission,2022-05-05,0
E000011,P00007,2022-04-05,60,1,1,5,moderate,11.1,no_readmission,2022-05-06,0
E000270,P00129,2022-04-05,25,2,1,4,moderate,10.87,no_readmission,2022-05-06,0
E000229,P00111,2022-04-07,49,2,0,12,moderate,11.73,no_readmission,2022-05-08,0
E000192,P00094,2022-04-08,22,2,1,12,moderate,12.35,no_readmission,2022-05-09,0
E000325,P00155,2022-04-08,29,1,0,12,low,11.91,no_readmission,2022-05-09,0
E000369,P00178,2022-04-09,43,2,1,10,low,13.01,no_readmission,2022-05-10,0
E000390,P00187,2022-04-09,81,2,0,10,low,14.41,no_readmission,2022-05-10,0
E000331,P00159,2022-04-10,61,1,0,12,high,16.05,no_readmission,2022-05-11,0
E000668,P00323,2022-04-10,58,1,2,4,low,11.64,no_readmission,2022-05-11,0
E000428,P00207,2022-04-11,82,2,1,7,moderate,15.61,no_readmission,2022-05-12,0
E000105,P00051,2022-04-13,64,1,2,8,moderate,14.33,no_readmission,2022-05-14,0
E000255,P00124,2022-04-13,41,2,1,4,moderate,12.82,no_readmission,2022-05-14,0
E000439,P00211,2022-04-13,61,2,2,12,high,10.59,no_readmission,2022-05-14,0
E000505,P00244,2022-04-13,88,2,2,4,moderate,10.76,no_readmission,2022-05-14,0
E000664,P00321,2022-04-13,63,2,1,2,low,13.82,no_readmission,2022-05-14,0
E000189,P00093,2022-04-14,71,0,1,4,high,15.73,no_readmission,2022-05-15,0
E000613,P00298,2022-04-15,31,2,2,5,low,14.25,no_readmission,2022-05-16,0
E000715,P00349,2022-04-15,71,2,1,3,moderate,13.53,no_readmission,2022-05-16,0
E000332,P00159,2022-04-20,61,1,0,9,high,9.91,no_readmission,2022-05-21,0
E000550,P00267,2022-04-20,86,1,3,14,high,7.96,no_readmission,2022-05-21,0
E000574,P00280,2022-04-20,45,0,0,1,moderate,14.97,no_readmission,2022-05-21,0
E000677,P00330,2022-04-20,85,0,1,15,moderate,11.65,no_readmission,2022-05-21,0
E000012,P00007,2022-04-24,60,1,1,10,moderate,11.34,readmitted,2022-05-25,1
E000691,P00338,2022-04-24,78,2,0,2,moderate,15.22,no_readmission,2022-05-25,0
E000054,P00029,2022-04-27,49,2,1,1,low,13.87,no_readmission,2022-05-28,0
E000567,P00276,2022-04-27,51,2,0,11,moderate,13.75,no_readmission,2022-05-28,0
E000163,P00080,2022-04-28,26,1,0,11,low,12.17,no_readmission,2022-05-29,0
E000366,P00177,2022-04-30,58,1,0,5,moderate,,no_readmission,2022-05-31,0
E000697,P00340,2022-04-30,52,2,0,9,high,13.33,no_readmission,2022-05-31,0
E000457,P00220,2022-05-01,61,2,0,9,high,14.7,no_readmission,2022-06-01,0
E000330,P00158,2022-05-02,84,1,1,4,high,14.42,no_readmission,2022-06-02,0
E000036,P00021,2022-05-03,55,2,4,6,low,11.76,no_readmission,2022-06-03,0
E000687,P00336,2022-05-03,37,0,2,10,moderate,13.07,no_readmission,2022-06-03,0
E000215,P00104,2022-05-04,46,1,0,2,moderate,13.0,no_readmission,2022-06-04,0
E000425,P00205,2022-05-04,26,2,1,13,moderate,,no_readmission,2022-06-04,0
E000062,P00032,2022-05-05,42,2,0,8,low,11.49,no_readmission,2022-06-05,0
E000359,P00174,2022-05-05,24,0,0,15,low,12.7,no_readmission,2022-06-05,0
E000463,P00222,2022-05-05,60,2,0,4,low,13.29,no_readmission,2022-06-05,0
E000541,P00263,2022-05-05,58,1,0,4,low,13.37,no_readmission,2022-06-05,0
E000049,P00027,2022-05-06,87,1,0,14,moderate,12.53,no_readmission,2022-06-06,0
E000326,P00155,2022-05-06,29,1,0,6,low,14.56,no_readmission,2022-06-06,0
E000328,P00157,2022-05-06,56,0,1,10,low,,no_readmission,2022-06-06,0
E000014,P00008,2022-05-07,85,1,1,3,moderate,14.2,no_readmission,2022-06-07,0
E000525,P00254,2022-05-07,41,2,2,8,moderate,,no_readmission,2022-06-07,0
E000683,P00334,2022-05-07,35,1,0,13,moderate,,no_readmission,2022-06-07,0
E000180,P00088,2022-05-08,29,1,0,15,low,14.67,no_readmission,2022-06-08,0
E000202,P00098,2022-05-09,35,2,1,7,moderate,16.16,no_readmission,2022-06-09,0
E000056,P00030,2022-05-10,22,2,1,8,high,14.37,no_readmission,2022-06-10,0
E000357,P00172,2022-05-10,78,2,1,13,moderate,,no_readmission,2022-06-10,0
E000341,P00164,2022-05-12,39,1,0,9,low,16.48,no_readmission,2022-06-12,0
E000498,P00241,2022-05-12,71,1,0,3,low,14.12,no_readmission,2022-06-12,0
E000429,P00207,2022-05-13,82,2,1,4,moderate,,no_readmission,2022-06-13,0
E000203,P00098,2022-05-14,35,2,1,11,low,,readmitted,2022-06-14,1
E000723,P00353,2022-05-15,40,0,1,1,high,14.37,no_readmission,2022-06-15,0
E000409,P00195,2022-05-17,25,1,0,1,high,12.9,no_readmission,2022-06-17,0
E000684,P00334,2022-05-17,35,1,0,6,low,12.71,no_readmission,2022-06-17,0
E000281,P00133,2022-05-20,70,2,1,15,low,14.53,no_readmission,2022-06-20,0
E000694,P00339,2022-05-20,77,1,2,2,moderate,12.63,no_readmission,2022-06-20,0
E000605,P00295,2022-05-21,33,2,0,12,moderate,13.98,no_readmission,2022-06-21,0
E000169,P00082,2022-05-22,87,2,1,11,low,,no_readmission,2022-06-22,0
E000225,P00109,2022-05-22,31,2,1,4,low,10.51,no_readmission,2022-06-22,0
E000149,P00073,2022-05-23,64,2,1,14,moderate,13.33,no_readmission,2022-06-23,0
E000183,P00090,2022-05-23,32,1,0,13,low,12.91,no_readmission,2022-06-23,0
E000444,P00213,2022-05-23,29,2,0,12,high,13.41,no_readmission,2022-06-23,0
E000531,P00258,2022-05-23,39,2,0,8,moderate,12.53,no_readmission,2022-06-23,0
E000682,P00333,2022-05-24,32,2,1,10,moderate,9.21,no_readmission,2022-06-24,0
E000067,P00034,2022-05-25,78,1,0,2,high,14.76,no_readmission,2022-06-25,0
E000639,P00311,2022-05-25,56,2,0,3,moderate,12.94,no_readmission,2022-06-25,0
E000658,P00319,2022-05-25,33,2,0,7,moderate,13.97,no_readmission,2022-06-25,0
E000298,P00140,2022-05-26,46,2,1,13,moderate,11.85,no_readmission,2022-06-26,0
E000506,P00245,2022-05-26,23,1,0,2,low,12.59,no_readmission,2022-06-26,0
E000150,P00073,2022-05-27,64,2,1,5,moderate,14.45,no_readmission,2022-06-27,0
E000047,P00025,2022-05-28,24,2,0,15,low,14.87,no_readmission,2022-06-28,0
E000288,P00136,2022-05-28,46,1,0,7,moderate,13.63,no_readmission,2022-06-28,0
E000090,P00044,2022-05-29,86,1,0,14,high,13.44,no_readmission,2022-06-29,0
E000073,P00037,2022-06-02,82,1,0,5,low,11.47,no_readmission,2022-07-03,0
E000125,P00060,2022-06-03,63,2,0,2,low,13.11,no_readmission,2022-07-04,0
E000065,P00033,2022-06-05,52,2,0,11,moderate,13.75,no_readmission,2022-07-06,0
E000222,P00108,2022-06-05,33,2,1,4,moderate,12.59,no_readmission,2022-07-06,0
E000272,P00130,2022-06-05,37,1,0,10,moderate,14.15,no_readmission,2022-07-06,0
E000527,P00256,2022-06-05,40,0,3,11,high,11.14,no_readmission,2022-07-06,0
E000600,P00293,2022-06-05,82,0,0,14,low,12.26,no_readmission,2022-07-06,0
E000670,P00324,2022-06-05,68,1,2,15,low,11.11,no_readmission,2022-07-06,0
E000021,P00012,2022-06-06,53,0,0,9,low,14.35,no_readmission,2022-07-07,0
E000354,P00171,2022-06-06,29,2,5,7,low,12.06,readmitted,2022-07-07,1
E000275,P00131,2022-06-07,64,2,1,10,high,12.42,no_readmission,2022-07-08,0
E000391,P00187,2022-06-07,81,2,0,1,moderate,,no_readmission,2022-07-08,0
E000100,P00048,2022-06-08,61,1,0,4,low,11.36,no_readmission,2022-07-09,0
E000128,P00061,2022-06-09,78,2,0,9,moderate,12.92,no_readmission,2022-07-10,0
E000489,P00236,2022-06-10,59,2,2,15,moderate,12.15,no_readmission,2022-07-11,0
E000007,P00005,2022-06-12,60,0,2,12,low,,no_readmission,2022-07-13,0
E000030,P00019,2022-06-12,44,2,0,2,low,14.95,no_readmission,2022-07-13,0
E000319,P00152,2022-06-13,81,2,1,13,low,12.41,readmitted,2022-07-14,1
E000676,P00329,2022-06-13,59,0,1,7,low,13.64,no_readmission,2022-07-14,0
E000581,P00284,2022-06-14,62,2,1,5,moderate,14.47,no_readmission,2022-07-15,0
E000458,P00220,2022-06-15,61,2,0,3,moderate,14.15,no_readmission,2022-07-16,0
E000528,P00257,2022-06-15,61,0,3,5,low,13.12,no_readmission,2022-07-16,0
E000122,P00059,2022-06-16,69,2,1,6,low,14.36,no_readmission,2022-07-17,0
E000672,P00325,2022-06-16,26,1,0,3,low,14.17,no_readmission,2022-07-17,0
E000165,P00081,2022-06-17,37,2,1,8,moderate,12.14,readmitted,2022-07-18,1
E000519,P00252,2022-06-17,47,1,0,1,moderate,13.31,no_readmission,2022-07-18,0
E000004,P00002,2022-06-19,45,0,0,4,low,14.42,no_readmission,2022-07-20,0
E000358,P00173,2022-06-19,87,0,0,13,low,13.54,no_readmission,2022-07-20,0
E000522,P00253,2022-06-20,57,1,0,3,high,12.45,no_readmission,2022-07-21,0
E000210,P00102,2022-06-23,63,2,0,12,moderate,13.53,no_readmission,2022-07-24,0
E000501,P00242,2022-06-23,75,2,0,13,moderate,,no_readmission,2022-07-24,0
E000018,P00010,2022-06-25,64,2,0,2,moderate,13.44,no_readmission,2022-07-26,0
E000303,P00145,2022-06-27,34,0,0,2,low,12.28,no_readmission,2022-07-28,0
E000520,P00252,2022-06-28,47,1,0,14,low,14.38,no_readmission,2022-07-29,0
E000619,P00301,2022-06-28,34,2,0,9,moderate,12.48,no_readmission,2022-07-29,0
E000647,P00315,2022-06-29,73,1,0,15,low,,no_readmission,2022-07-30,0
E000627,P00305,2022-06-30,62,2,0,2,moderate,12.17,no_readmission,2022-07-31,0
E000184,P00090,2022-07-02,32,1,0,12,moderate,12.94,no_readmission,2022-08-02,0
E000381,P00183,2022-07-03,23,2,0,15,moderate,12.82,no_readmission,2022-08-03,0
E000556,P00270,2022-07-03,51,1,0,13,low,10.59,no_readmission,2022-08-03,0
E000194,P00095,2022-07-04,25,2,1,6,high,9.72,no_readmission,2022-08-04,0
E000407,P00194,2022-07-04,43,2,0,10,high,13.18,no_readmission,2022-08-04,0
E000480,P00232,2022-07-04,44,0,5,2,low,11.88,no_readmission,2022-08-04,0
E000607,P00296,2022-07-04,40,2,0,10,moderate,13.68,no_readmission,2022-08-04,0
E000302,P00144,2022-07-05,59,0,0,13,moderate,11.61,no_readmission,2022-08-05,0
E000145,P00070,2022-07-08,31,2,0,12,high,12.16,no_readmission,2022-08-08,0
E000692,P00338,2022-07-08,78,2,0,3,moderate,14.08,no_readmission,2022-08-08,0
E000159,P00077,2022-07-09,29,1,3,6,high,12.38,no_readmission,2022-08-09,0
E000277,P00132,2022-07-09,73,2,0,11,low,12.17,no_readmission,2022-08-09,0
E000186,P00091,2022-07-11,63,2,5,8,moderate,8.07,no_readmission,2022-08-11,0
E000411,P00196,2022-07-12,75,1,5,1,moderate,11.2,readmitted,2022-08-12,1
E000445,P00214,2022-07-12,74,1,1,12,high,15.28,no_readmission,2022-08-12,0
E000590,P00288,2022-07-12,54,2,1,9,moderate,15.2,no_readmission,2022-08-12,0
E000187,P00091,2022-07-13,63,2,5,4,moderate,10.67,readmitted,2022-08-13,1
E000675,P00328,2022-07-13,53,0,1,4,moderate,12.37,no_readmission,2022-08-13,0
E000160,P00078,2022-07-14,30,0,1,11,low,13.01,no_readmission,2022-08-14,0
E000173,P00085,2022-07-16,74,0,0,8,high,11.7,no_readmission,2022-08-16,0
E000395,P00189,2022-07-17,68,2,0,9,low,,no_readmission,2022-08-17,0
E000403,P00192,2022-07-17,59,1,5,4,moderate,9.67,no_readmission,2022-08-17,0
E000655,P00318,2022-07-20,37,1,2,10,low,11.65,no_readmission,2022-08-20,0
E000200,P00097,2022-07-21,74,1,0,5,low,12.53,no_readmission,2022-08-21,0
E000490,P00236,2022-07-21,59,2,2,7,high,12.83,no_readmission,2022-08-21,0
E000688,P00337,2022-07-21,59,1,0,7,low,10.5,no_readmission,2022-08-21,0
E000336,P00162,2022-07-23,38,2,2,8,low,,no_readmission,2022-08-23,0
E000031,P00019,2022-07-25,44,2,0,13,low,13.92,no_readmission,2022-08-25,0
E000115,P00056,2022-07-25,27,1,0,7,moderate,14.71,no_readmission,2022-08-25,0
E000232,P00112,2022-07-30,85,2,0,1,moderate,12.3,no_readmission,2022-08-30,0
E000446,P00214,2022-07-30,74,1,1,5,low,14.56,no_readmission,2022-08-30,0
E000337,P00162,2022-07-31,38,2,2,9,low,13.77,no_readmission,2022-08-31,0
E000351,P00170,2022-07-31,46,2,2,3,moderate,11.64,no_readmission,2022-08-31,0
E000583,P00285,2022-08-03,65,1,3,15,low,14.49,no_readmission,2022-09-03,0
E000473,P00228,2022-08-04,34,2,0,14,low,13.44,no_readmission,2022-09-04,0
E000661,P00320,2022-08-04,45,2,0,11,moderate,15.09,no_readmission,2022-09-04,0
E000137,P00066,2022-08-05,64,1,2,3,moderate,14.47,no_readmission,2022-09-05,0
E000057,P00030,2022-08-06,22,2,1,13,high,12.7,no_readmission,2022-09-06,0
E000211,P00102,2022-08-06,63,2,0,6,low,12.09,no_readmission,2022-09-06,0
E000258,P00125,2022-08-06,85,2,1,13,low,12.48,no_readmission,2022-09-06,0
E000433,P00209,2022-08-06,58,1,1,7,moderate,11.38,no_readmission,2022-09-06,0
E000518,P00251,2022-08-08,53,0,0,11,moderate,13.52,no_readmission,2022-09-08,0
E000534,P00259,2022-08-10,58,2,2,14,high,,readmitted,2022-09-10,1
E000294,P00138,2022-08-13,76,2,1,4,moderate,14.64,no_readmission,2022-09-13,0
E000459,P00220,2022-08-14,61,2,0,8,low,16.16,no_readmission,2022-09-14,0
E000289,P00136,2022-08-15,46,1,0,8,moderate,,no_readmission,2022-09-15,0
E000608,P00296,2022-08-16,40,2,0,13,low,,no_readmission,2022-09-16,0
E000003,P00001,2022-08-17,86,1,1,9,high,12.63,no_readmission,2022-09-17,0
E000305,P00146,2022-08-17,46,1,0,12,low,11.73,no_readmission,2022-09-17,0
E000585,P00286,2022-08-17,64,1,0,6,moderate,11.79,no_readmission,2022-09-17,0
E000175,P00086,2022-08-18,84,1,0,1,moderate,14.65,no_readmission,2022-09-18,0
E000474,P00228,2022-08-18,34,2,0,8,low,12.94,no_readmission,2022-09-18,0
E000510,P00247,2022-08-18,26,1,2,6,low,13.85,no_readmission,2022-09-18,0
E000594,P00290,2022-08-18,87,2,0,14,low,12.39,no_readmission,2022-09-18,0
E000050,P00027,2022-08-21,87,1,0,6,moderate,15.13,no_readmission,2022-09-21,0
E000236,P00114,2022-08-22,41,2,0,1,moderate,14.36,no_readmission,2022-09-22,0
E000507,P00245,2022-08-23,23,1,0,12,moderate,11.77,no_readmission,2022-09-23,0
E000716,P00349,2022-08-24,71,2,1,13,low,,no_readmission,2022-09-24,0
E000195,P00095,2022-08-26,25,2,1,14,moderate,11.55,no_readmission,2022-09-26,0
E000557,P00271,2022-08-27,36,0,0,11,low,15.23,no_readmission,2022-09-27,0
E000022,P00013,2022-08-28,65,0,3,9,low,8.75,no_readmission,2022-09-28,0
E000422,P00204,2022-08-28,56,0,2,11,moderate,15.04,no_readmission,2022-09-28,0
E000449,P00216,2022-08-29,60,1,0,12,low,14.25,no_readmission,2022-09-29,0
E000620,P00301,2022-08-29,34,2,0,10,low,15.04,no_readmission,2022-09-29,0
E000502,P00243,2022-08-31,70,0,0,12,high,13.26,no_readmission,2022-10-01,0
E000689,P00337,2022-09-01,59,1,0,1,moderate,12.6,no_readmission,2022-10-02,0
E000478,P00230,2022-09-02,49,2,0,11,moderate,11.89,no_readmission,2022-10-03,0
E000311,P00148,2022-09-03,40,2,1,4,low,13.73,no_readmission,2022-10-04,0
E000106,P00051,2022-09-05,64,1,2,1,moderate,12.14,no_readmission,2022-10-06,0
E000630,P00306,2022-09-06,34,2,1,6,high,13.87,no_readmission,2022-10-07,0
E000327,P00156,2022-09-07,73,0,4,1,moderate,12.79,readmitted,2022-10-08,1
E000686,P00335,2022-09-07,31,1,0,9,moderate,13.9,no_readmission,2022-10-08,0
E000482,P00233,2022-09-08,65,1,0,3,moderate,14.06,no_readmission,2022-10-09,0
E000636,P00310,2022-09-08,74,1,0,15,moderate,11.71,no_readmission,2022-10-09,0
E000707,P00346,2022-09-08,42,1,0,8,moderate,11.62,no_readmission,2022-10-09,0
E000278,P00132,2022-09-10,73,2,0,4,low,11.99,no_readmission,2022-10-11,0
E000623,P00303,2022-09-10,70,0,0,13,low,13.2,no_readmission,2022-10-11,0
E000107,P00052,2022-09-11,73,0,0,2,moderate,12.96,no_readmission,2022-10-12,0
E000070,P00035,2022-09-13,50,2,1,13,moderate,16.43,no_readmission,2022-10-14,0
E000116,P00056,2022-09-13,27,1,0,7,low,12.79,no_readmission,2022-10-14,0
E000095,P00046,2022-09-14,41,1,0,2,moderate,13.79,no_readmission,2022-10-15,0
E000243,P00118,2022-09-14,27,0,0,2,moderate,14.73,no_readmission,2022-10-15,0
E000487,P00235,2022-09-19,40,2,0,10,moderate,,no_readmission,2022-10-20,0
E000218,P00106,2022-09-21,48,1,0,14,low,11.9,no_readmission,2022-10-22,0
E000599,P00292,2022-09-22,57,2,3,14,low,11.74,no_readmission,2022-10-23,0
E000287,P00135,2022-09-23,23,2,1,14,high,12.53,no_readmission,2022-10-24,0
E000374,P00180,2022-09-23,65,1,3,14,moderate,11.23,no_readmission,2022-10-24,0
E000404,P00193,2022-09-24,50,0,0,5,moderate,14.61,no_readmission,2022-10-25,0
E000653,P00317,2022-09-24,29,2,0,15,moderate,12.44,no_readmission,2022-10-25,0
E000166,P00081,2022-09-27,37,2,1,2,low,12.7,no_readmission,2022-10-28,0
E000419,P00202,2022-09-28,81,0,1,6,low,13.99,no_readmission,2022-10-29,0
E000876,P00432,2023-02-02,23,1,1,2,moderate,15.02,no_readmission,2023-03-05,0
E000954,P00474,2023-02-03,82,2,1,4,low,,no_readmission,2023-03-06,0
E000923,P00456,2023-02-05,68,1,2,2,moderate,14.13,no_readmission,2023-03-08,0
E000927,P00458,2023-02-05,83,1,1,1,low,13.85,no_readmission,2023-03-08,0
E000888,P00439,2023-02-06,80,0,0,7,high,13.43,no_readmission,2023-03-09,0
E000897,P00443,2023-02-06,60,0,2,7,high,11.3,no_readmission,2023-03-09,0
E000883,P00436,2023-02-07,69,1,1,14,high,12.18,no_readmission,2023-03-10,0
E000912,P00451,2023-02-08,43,1,1,5,moderate,16.55,no_readmission,2023-03-11,0
E000833,P00410,2023-02-10,30,1,0,11,low,11.78,no_readmission,2023-03-13,0
E000791,P00389,2023-02-11,88,1,1,14,moderate,,no_readmission,2023-03-14,0
E000959,P00476,2023-02-11,65,2,2,6,low,11.1,no_readmission,2023-03-14,0
E000872,P00429,2023-02-13,34,1,0,1,low,12.09,no_readmission,2023-03-16,0
E000834,P00410,2023-02-14,30,1,0,1,moderate,15.6,no_readmission,2023-03-17,0
E000898,P00444,2023-02-14,56,1,0,6,low,14.37,no_readmission,2023-03-17,0
E000881,P00434,2023-02-15,69,0,1,14,moderate,14.7,no_readmission,2023-03-18,0
E000918,P00454,2023-02-16,77,2,0,8,moderate,14.22,no_readmission,2023-03-19,0
E000760,P00375,2023-02-17,48,2,0,1,moderate,12.56,no_readmission,2023-03-20,0
E000807,P00397,2023-02-18,69,1,1,6,moderate,14.39,no_readmission,2023-03-21,0
E000949,P00470,2023-02-20,45,1,1,14,high,12.0,no_readmission,2023-03-23,0
E000841,P00413,2023-02-24,64,2,2,1,moderate,12.04,no_readmission,2023-03-27,0
E000934,P00462,2023-02-25,87,1,0,11,low,12.06,readmitted,2023-03-28,1
E000909,P00450,2023-02-26,73,2,0,12,moderate,12.75,no_readmission,2023-03-29,0
E000785,P00387,2023-02-28,28,2,0,14,moderate,13.04,no_readmission,2023-03-31,0
E000740,P00366,2023-03-03,87,2,0,14,low,,no_readmission,2023-04-03,0
E000889,P00440,2023-03-05,61,2,0,12,low,,no_readmission,2023-04-05,0
E000812,P00399,2023-03-06,61,2,3,8,moderate,13.74,no_readmission,2023-04-06,0
E000878,P00433,2023-03-06,22,2,2,3,moderate,12.65,no_readmission,2023-04-06,0
E000919,P00454,2023-03-07,77,2,0,13,moderate,,no_readmission,2023-04-07,0
E000953,P00473,2023-03-07,57,0,4,11,moderate,9.79,no_readmission,2023-04-07,0
E000906,P00449,2023-03-08,29,2,2,1,moderate,14.24,no_readmission,2023-04-08,0
E000752,P00371,2023-03-10,46,1,0,7,moderate,14.39,no_readmission,2023-04-10,0
E000842,P00413,2023-03-10,64,2,2,3,high,13.25,no_readmission,2023-04-10,0
E000866,P00426,2023-03-10,42,2,0,9,low,,no_readmission,2023-04-10,0
E000929,P00459,2023-03-10,87,0,0,8,low,12.35,no_readmission,2023-04-10,0
E000817,P00401,2023-03-11,51,2,2,1,moderate,13.78,no_readmission,2023-04-11,0
E000732,P00361,2023-03-12,81,1,0,9,moderate,16.13,no_readmission,2023-04-12,0
E000786,P00387,2023-03-12,28,2,0,15,moderate,12.35,no_readmission,2023-04-12,0
E000802,P00395,2023-03-12,62,2,3,1,moderate,12.1,no_readmission,2023-04-12,0
E000800,P00394,2023-03-13,60,1,0,1,low,,no_readmission,2023-04-13,0
E000957,P00475,2023-03-13,65,1,0,5,moderate,13.56,no_readmission,2023-04-13,0
E000746,P00368,2023-03-21,52,1,0,12,moderate,,no_readmission,2023-04-21,0
E000910,P00450,2023-03-21,73,2,0,12,moderate,13.22,no_readmission,2023-04-21,0
E000838,P00412,2023-03-22,39,2,0,6,low,,no_readmission,2023-04-22,0
E000877,P00432,2023-03-23,23,1,1,8,moderate,,no_readmission,2023-04-23,0
E000776,P00382,2023-03-24,77,2,4,8,high,15.18,no_readmission,2023-04-24,0
E000780,P00384,2023-03-25,68,0,0,11,high,13.08,no_readmission,2023-04-25,0
E000844,P00414,2023-03-26,48,2,0,14,low,13.44,no_readmission,2023-04-26,0
E000754,P00372,2023-03-27,36,2,0,6,low,13.04,no_readmission,2023-04-27,0
E000794,P00391,2023-03-27,68,2,1,13,moderate,13.17,no_readmission,2023-04-27,0
E000938,P00465,2023-03-28,50,2,0,6,moderate,15.99,no_readmission,2023-04-28,0
E000809,P00398,2023-03-29,71,2,1,11,moderate,12.44,no_readmission,2023-04-29,0
E000845,P00414,2023-03-29,48,2,0,3,moderate,12.84,no_readmission,2023-04-29,0
E000767,P00378,2023-03-31,68,2,0,2,moderate,11.75,no_readmission,2023-05-01,0
E000863,P00425,2023-04-01,51,2,1,14,low,10.62,no_readmission,2023-05-02,0
E000765,P00377,2023-04-04,26,1,0,7,low,12.87,no_readmission,2023-05-05,0
E000822,P00404,2023-04-04,63,2,0,9,moderate,12.18,no_readmission,2023-05-05,0
E000779,P00383,2023-04-06,71,0,0,4,moderate,15.22,readmitted,2023-05-07,1
E000920,P00454,2023-04-07,77,2,0,13,high,14.02,no_readmission,2023-05-08,0
E000749,P00370,2023-04-08,58,2,2,10,low,11.18,no_readmission,2023-05-09,0
E000853,P00419,2023-04-08,42,2,1,7,moderate,16.36,no_readmission,2023-05-09,0
E000747,P00368,2023-04-14,52,1,0,14,high,12.91,no_readmission,2023-05-15,0
E000960,P00476,2023-04-14,65,2,2,5,moderate,14.6,no_readmission,2023-05-15,0
E000827,P00406,2023-04-16,29,1,0,12,low,14.58,no_readmission,2023-05-17,0
E000825,P00405,2023-04-17,64,1,0,14,moderate,,no_readmission,2023-05-18,0
E000884,P00436,2023-04-17,69,1,1,3,low,11.4,no_readmission,2023-05-18,0
E000913,P00451,2023-04-18,43,1,1,12,low,,no_readmission,2023-05-19,0
E000962,P00477,2023-04-20,78,2,0,12,low,14.95,no_readmission,2023-05-21,0
E000832,P00409,2023-04-21,31,0,0,12,moderate,15.53,no_readmission,2023-05-22,0
E000849,P00416,2023-04-21,69,0,0,11,low,15.61,no_readmission,2023-05-22,0
E000968,P00479,2023-04-21,81,1,2,13,low,10.95,readmitted,2023-05-22,1
E000795,P00391,2023-04-22,68,2,1,10,low,14.58,no_readmission,2023-05-23,0
E000788,P00388,2023-04-27,55,2,0,8,low,11.11,no_readmission,2023-05-28,0
E000803,P00395,2023-04-29,62,2,3,4,moderate,13.28,no_readmission,2023-05-30,0
E000904,P00447,2023-04-29,52,0,0,4,moderate,14.19,no_readmission,2023-05-30,0
E000930,P00460,2023-04-29,40,2,0,6,moderate,12.79,no_readmission,2023-05-30,0
E000925,P00457,2023-04-30,52,1,1,7,moderate,12.18,no_readmission,2023-05-31,0
E000770,P00379,2023-05-01,29,2,0,12,low,,no_readmission,2023-06-01,0
E000937,P00464,2023-05-02,32,0,0,4,low,11.04,no_readmission,2023-06-02,0
E000783,P00386,2023-05-04,54,1,0,1,low,13.83,no_readmission,2023-06-04,0
E000801,P00394,2023-05-04,60,1,0,5,low,11.45,no_readmission,2023-06-04,0
E000947,P00468,2023-05-06,70,0,6,5,low,12.67,readmitted,2023-06-06,1
E000936,P00463,2023-05-07,61,0,0,13,moderate,14.86,readmitted,2023-06-07,1
E000915,P00453,2023-05-08,70,2,2,3,moderate,11.92,no_readmission,2023-06-08,0
E000924,P00456,2023-05-08,68,1,2,13,high,10.64,no_readmission,2023-06-08,0
E000944,P00467,2023-05-08,40,2,1,13,low,13.78,no_readmission,2023-06-08,0
E000867,P00426,2023-05-09,42,2,0,14,moderate,12.09,no_readmission,2023-06-09,0
E000768,P00378,2023-05-10,68,2,0,13,low,13.85,no_readmission,2023-06-10,0
E000847,P00415,2023-05-10,29,1,2,4,moderate,13.96,no_readmission,2023-06-10,0
E000748,P00369,2023-05-12,55,0,1,4,low,13.21,no_readmission,2023-06-12,0
E000902,P00446,2023-05-12,42,1,0,12,high,,no_readmission,2023-06-12,0
E000755,P00372,2023-05-13,36,2,0,11,moderate,12.0,no_readmission,2023-06-13,0
E000886,P00438,2023-05-13,48,1,0,10,low,13.25,no_readmission,2023-06-13,0
E000753,P00371,2023-05-14,46,1,0,2,low,10.68,no_readmission,2023-06-14,0
E000916,P00453,2023-05-15,70,2,2,4,moderate,10.84,no_readmission,2023-06-15,0
E000777,P00382,2023-05-16,77,2,4,1,high,9.71,no_readmission,2023-06-16,0
E000736,P00363,2023-05-19,64,0,0,7,moderate,12.38,no_readmission,2023-06-19,0
E000781,P00385,2023-05-20,47,1,0,2,moderate,14.65,no_readmission,2023-06-20,0
E000914,P00452,2023-05-20,35,0,5,5,moderate,10.21,no_readmission,2023-06-20,0
E000869,P00427,2023-05-22,78,1,1,5,moderate,13.51,no_readmission,2023-06-22,0
E000743,P00367,2023-05-23,70,2,1,7,low,13.16,no_readmission,2023-06-23,0
E000890,P00440,2023-05-23,61,2,0,7,moderate,12.07,no_readmission,2023-06-23,0
E000879,P00433,2023-05-24,22,2,2,9,low,14.31,no_readmission,2023-06-24,0
E000744,P00367,2023-05-25,70,2,1,11,moderate,13.02,no_readmission,2023-06-25,0
E000843,P00413,2023-05-25,64,2,2,10,moderate,13.57,no_readmission,2023-06-25,0
E000818,P00401,2023-05-26,51,2,2,14,moderate,,readmitted,2023-06-26,1
E000899,P00444,2023-05-26,56,1,0,11,high,13.29,no_readmission,2023-06-26,0
E000931,P00460,2023-05-27,40,2,0,14,moderate,10.27,no_readmission,2023-06-27,0
E000948,P00469,2023-05-27,75,0,0,2,low,16.79,no_readmission,2023-06-27,0
E000963,P00477,2023-05-27,78,2,0,6,moderate,12.75,readmitted,2023-06-27,1
E000887,P00438,2023-05-30,48,1,0,11,low,11.35,no_readmission,2023-06-30,0
E000839,P00412,2023-05-31,39,2,0,15,moderate,11.16,no_readmission,2023-07-01,0
E000871,P00428,2023-06-01,69,0,1,7,moderate,,no_readmission,2023-07-02,0
E000826,P00405,2023-06-02,64,1,0,1,moderate,13.55,no_readmission,2023-07-03,0
E000850,P00417,2023-06-02,84,1,0,12,low,15.65,no_readmission,2023-07-03,0
E000773,P00380,2023-06-03,62,1,2,9,moderate,11.18,no_readmission,2023-07-04,0
E000868,P00426,2023-06-04,42,2,0,9,moderate,14.97,readmitted,2023-07-05,1
E000758,P00374,2023-06-07,52,1,5,12,moderate,12.84,no_readmission,2023-07-08,0
E000955,P00474,2023-06-07,82,2,1,11,moderate,12.33,no_readmission,2023-07-08,0
E000928,P00458,2023-06-10,83,1,1,1,moderate,12.84,no_readmission,2023-07-11,0
E000733,P00361,2023-06-11,81,1,0,11,moderate,12.7,no_readmission,2023-07-12,0
E000862,P00424,2023-06-11,30,0,2,14,low,13.18,no_readmission,2023-07-12,0
E000835,P00411,2023-06-13,51,2,0,4,moderate,13.65,no_readmission,2023-07-14,0
E000941,P00466,2023-06-13,80,2,0,8,moderate,,no_readmission,2023-07-14,0
E000819,P00401,2023-06-14,51,2,2,9,moderate,11.15,no_readmission,2023-07-15,0
E000921,P00455,2023-06-16,57,1,0,8,low,14.66,no_readmission,2023-07-17,0
E000815,P00400,2023-06-17,86,1,1,14,low,13.65,no_readmission,2023-07-18,0
E000810,P00398,2023-06-18,71,2,1,13,low,13.54,no_readmission,2023-07-19,0
E000813,P00399,2023-06-19,61,2,3,13,moderate,15.08,readmitted,2023-07-20,1
E000880,P00433,2023-06-19,22,2,2,1,low,10.95,readmitted,2023-07-20,1
E000892,P00441,2023-06-19,84,2,1,9,low,14.08,no_readmission,2023-07-20,0
E000917,P00453,2023-06-19,70,2,2,3,moderate,11.29,no_readmission,2023-07-20,0
E000761,P00375,2023-06-22,48,2,0,3,low,14.85,no_readmission,2023-07-23,0
E000797,P00392,2023-06-22,79,0,2,12,moderate,11.11,no_readmission,2023-07-23,0
E000836,P00411,2023-06-22,51,2,0,6,moderate,13.23,no_readmission,2023-07-23,0
E000804,P00395,2023-06-23,62,2,3,8,low,12.3,no_readmission,2023-07-24,0
E000757,P00373,2023-06-24,42,0,6,13,moderate,9.71,no_readmission,2023-07-25,0
E000830,P00408,2023-06-25,25,1,1,14,moderate,15.88,no_readmission,2023-07-26,0
E000763,P00376,2023-06-26,67,1,0,4,moderate,13.86,no_readmission,2023-07-27,0
E000861,P00423,2023-06-27,68,0,0,7,moderate,10.74,no_readmission,2023-07-28,0
E000741,P00366,2023-06-28,87,2,0,8,low,13.67,no_readmission,2023-07-29,0
E000805,P00396,2023-06-28,72,1,0,5,moderate,13.56,no_readmission,2023-07-29,0
E000939,P00465,2023-06-28,50,2,0,8,moderate,13.47,no_readmission,2023-07-29,0
E000823,P00404,2023-06-29,63,2,0,14,moderate,,readmitted,2023-07-30,1
E000964,P00477,2023-06-29,78,2,0,8,moderate,,no_readmission,2023-07-30,0
E000840,P00412,2023-06-30,39,2,0,7,low,14.85,no_readmission,2023-07-31,0
E000851,P00417,2023-06-30,84,1,0,2,moderate,10.41,no_readmission,2023-07-31,0
E000734,P00362,2023-07-01,35,1,0,1,moderate,13.27,no_readmission,2023-08-01,0
E000873,P00429,2023-07-02,34,1,0,6,moderate,14.1,no_readmission,2023-08-02,0
E000774,P00380,2023-07-03,62,1,2,10,high,10.69,readmitted,2023-08-03,1
E000820,P00402,2023-07-04,31,0,0,6,moderate,11.97,no_readmission,2023-08-04,0
E000893,P00441,2023-07-04,84,2,1,13,moderate,12.53,no_readmission,2023-08-04,0
E000806,P00396,2023-07-06,72,1,0,15,moderate,10.52,no_readmission,2023-08-06,0
E000864,P00425,2023-07-06,51,2,1,4,low,13.51,no_readmission,2023-08-06,0
E000824,P00404,2023-07-09,63,2,0,5,low,13.73,no_readmission,2023-08-09,0
E000784,P00386,2023-07-10,54,1,0,8,moderate,15.35,no_readmission,2023-08-10,0
E000792,P00389,2023-07-11,88,1,1,15,moderate,12.98,no_readmission,2023-08-11,0
E000828,P00406,2023-07-11,29,1,0,2,moderate,,no_readmission,2023-08-11,0
E000926,P00457,2023-07-11,52,1,1,15,low,,no_readmission,2023-08-11,0
E000735,P00362,2023-07-12,35,1,0,9,low,14.11,no_readmission,2023-08-12,0
E000894,P00441,2023-07-13,84,2,1,2,moderate,13.06,no_readmission,2023-08-13,0
E000942,P00466,2023-07-13,80,2,0,6,moderate,12.44,no_readmission,2023-08-13,0
E000956,P00474,2023-07-14,82,2,1,4,moderate,14.68,no_readmission,2023-08-14,0
E000969,P00479,2023-07-15,81,1,2,12,moderate,13.54,no_readmission,2023-08-15,0
E000922,P00455,2023-07-17,57,1,0,11,low,11.7,no_readmission,2023-08-17,0
E000759,P00374,2023-07-18,52,1,5,10,moderate,9.34,no_readmission,2023-08-18,0
E000895,P00442,2023-07-20,79,1,1,13,moderate,12.64,no_readmission,2023-08-20,0
E000907,P00449,2023-07-20,29,2,2,8,low,,no_readmission,2023-08-20,0
E000787,P00387,2023-07-21,28,2,0,8,moderate,,no_readmission,2023-08-21,0
E000829,P00407,2023-07-22,51,0,0,9,low,14.38,no_readmission,2023-08-22,0
E000831,P00408,2023-07-22,25,1,1,2,low,13.58,no_readmission,2023-08-22,0
E000900,P00445,2023-07-22,62,1,1,13,low,11.53,no_readmission,2023-08-22,0
E000738,P00365,2023-07-23,29,1,0,15,moderate,15.76,no_readmission,2023-08-23,0
E000766,P00377,2023-07-26,26,1,0,10,moderate,14.82,no_readmission,2023-08-26,0
E000903,P00446,2023-07-26,42,1,0,8,moderate,14.31,no_readmission,2023-08-26,0
E000945,P00467,2023-07-27,40,2,1,1,moderate,11.15,no_readmission,2023-08-27,0
E000750,P00370,2023-07-28,58,2,2,1,moderate,12.32,no_readmission,2023-08-28,0
E000789,P00388,2023-07-28,55,2,0,9,moderate,10.93,readmitted,2023-08-28,1
E000764,P00376,2023-07-29,67,1,0,12,low,,no_readmission,2023-08-29,0
E000821,P00403,2023-07-29,37,0,0,9,moderate,12.44,no_readmission,2023-08-29,0
E000958,P00475,2023-07-30,65,1,0,2,moderate,13.44,no_readmission,2023-08-30,0
E000885,P00437,2023-08-02,72,0,0,8,low,13.81,no_readmission,2023-09-02,0
E000771,P00379,2023-08-03,29,2,0,6,moderate,,no_readmission,2023-09-03,0
E000870,P00427,2023-08-03,78,1,1,5,low,14.47,no_readmission,2023-09-03,0
E000730,P00360,2023-08-04,31,1,1,3,moderate,11.86,no_readmission,2023-09-04,0
E000905,P00448,2023-08-04,46,0,2,15,moderate,15.22,no_readmission,2023-09-04,0
E000950,P00470,2023-08-07,45,1,1,12,low,13.36,no_readmission,2023-09-07,0
E000846,P00414,2023-08-08,48,2,0,9,low,13.41,readmitted,2023-09-08,1
E000756,P00372,2023-08-10,36,2,0,13,moderate,13.16,no_readmission,2023-09-10,0
E000808,P00397,2023-08-10,69,1,1,7,moderate,12.19,no_readmission,2023-09-10,0
E000769,P00378,2023-08-11,68,2,0,3,low,10.62,no_readmission,2023-09-11,0
E000965,P00478,2023-08-13,28,2,0,4,moderate,12.91,no_readmission,2023-09-13,0
E000739,P00365,2023-08-15,29,1,0,10,moderate,12.49,no_readmission,2023-09-15,0
E000793,P00390,2023-08-15,55,0,0,5,moderate,13.43,no_readmission,2023-09-15,0
E000858,P00421,2023-08-16,63,0,0,15,moderate,12.66,readmitted,2023-09-16,1
E000891,P00440,2023-08-17,61,2,0,3,high,12.56,no_readmission,2023-09-17,0
E000775,P00381,2023-08-18,69,0,0,2,moderate,10.8,no_readmission,2023-09-18,0
E000854,P00419,2023-08-18,42,2,1,14,high,12.57,no_readmission,2023-09-18,0
E000911,P00450,2023-08-20,73,2,0,5,high,14.5,readmitted,2023-09-20,1
E000932,P00460,2023-08-20,40,2,0,6,moderate,13.21,no_readmission,2023-09-20,0
E000772,P00379,2023-08-21,29,2,0,8,low,11.74,no_readmission,2023-09-21,0
E000865,P00425,2023-08-21,51,2,1,11,moderate,12.78,no_readmission,2023-09-21,0
E000737,P00364,2023-08-22,83,0,2,3,moderate,,no_readmission,2023-09-22,0
E000837,P00411,2023-08-22,51,2,0,3,moderate,10.65,no_readmission,2023-09-22,0
E000731,P00360,2023-08-23,31,1,1,11,moderate,14.5,no_readmission,2023-09-23,0
E000882,P00435,2023-08-23,85,0,0,4,low,16.03,no_readmission,2023-09-23,0
E000933,P00461,2023-08-26,63,0,0,1,moderate,13.89,no_readmission,2023-09-26,0
E000940,P00465,2023-08-26,50,2,0,1,moderate,11.38,readmitted,2023-09-26,1
E000856,P00420,2023-08-27,42,1,0,12,low,9.68,no_readmission,2023-09-27,0
E000798,P00393,2023-08-29,55,1,0,7,low,12.25,no_readmission,2023-09-29,0
E000896,P00442,2023-08-29,79,1,1,3,moderate,12.44,readmitted,2023-09-29,1
E000935,P00462,2023-08-29,87,1,0,9,moderate,11.51,no_readmission,2023-09-29,0
E000799,P00393,2023-08-31,55,1,0,3,moderate,15.18,readmitted,2023-10-01,1
E000855,P00419,2023-09-01,42,2,1,2,moderate,12.05,no_readmission,2023-10-02,0
E000857,P00420,2023-09-03,42,1,0,4,high,14.65,no_readmission,2023-10-04,0
E000908,P00449,2023-09-04,29,2,2,10,moderate,11.12,no_readmission,2023-10-05,0
E000874,P00430,2023-09-05,72,0,0,3,moderate,12.94,no_readmission,2023-10-06,0
E000762,P00375,2023-09-07,48,2,0,3,moderate,,no_readmission,2023-10-08,0
E000901,P00445,2023-09-10,62,1,1,14,moderate,13.92,no_readmission,2023-10-11,0
E000816,P00400,2023-09-11,86,1,1,7,low,15.29,readmitted,2023-10-12,1
E000742,P00366,2023-09-12,87,2,0,15,moderate,13.92,no_readmission,2023-10-13,0
E000951,P00471,2023-09-12,35,0,4,15,moderate,11.41,no_readmission,2023-10-13,0
E000966,P00478,2023-09-12,28,2,0,11,high,11.96,no_readmission,2023-10-13,0
E000796,P00391,2023-09-13,68,2,1,2,moderate,13.39,no_readmission,2023-10-14,0
E000952,P00472,2023-09-13,76,0,1,5,low,13.69,no_readmission,2023-10-14,0
E000859,P00422,2023-09-14,88,1,0,2,moderate,14.41,no_readmission,2023-10-15,0
E000875,P00431,2023-09-18,69,0,0,3,moderate,11.93,no_readmission,2023-10-19,0
E000782,P00385,2023-09-19,47,1,0,12,moderate,12.72,no_readmission,2023-10-20,0
E000848,P00415,2023-09-19,29,1,2,9,low,12.56,no_readmission,2023-10-20,0
E000751,P00370,2023-09-20,58,2,2,12,moderate,15.58,no_readmission,2023-10-21,0
E000811,P00398,2023-09-20,71,2,1,13,low,12.36,no_readmission,2023-10-21,0
E000943,P00466,2023-09-20,80,2,0,8,low,13.2,no_readmission,2023-10-21,0
E000790,P00388,2023-09-21,55,2,0,5,low,15.11,no_readmission,2023-10-22,0
E000967,P00478,2023-09-21,28,2,0,12,low,10.99,no_readmission,2023-10-22,0
E000860,P00422,2023-09-22,88,1,0,13,low,,no_readmission,2023-10-23,0
E000745,P00367,2023-09-24,70,2,1,10,low,,no_readmission,2023-10-25,0
E000814,P00399,2023-09-25,61,2,3,7,moderate,14.19,no_readmission,2023-10-26,0
E000946,P00467,2023-09-26,40,2,1,9,moderate,15.67,no_readmission,2023-10-27,0
E000778,P00382,2023-09-28,77,2,4,5,moderate,11.59,no_readmission,2023-10-29,0
E000852,P00418,2023-09-29,75,0,0,12,low,14.94,no_readmission,2023-10-30,0
E000961,P00476,2023-09-30,65,2,2,11,high,14.03,no_readmission,2023-10-31,0
